"Inicio del informe","Fin del informe","Nombre del conjunto de anuncios",Plataforma,Ubicación,"Plataforma de dispositivos","Entrega del conjunto de anuncios","Configuración de atribución",Resultados,"Indicador de resultado",Alcance,Frecuencia,"Costo por resultados","Presupuesto del conjunto de anuncios","Tipo de presupuesto del conjunto de anuncios","Importe gastado (ARS)",Finalización,Inicio,Impresiones,"CPM (costo por mil impresiones) (ARS)","Clics en el enlace",shop_clicks,"CPC (costo por clic en el enlace) (ARS)","CTR (porcentaje de clics en el enlace)","Clics (todos)","CTR (todos)","CPC (todos) (ARS)","Visitas a la página de destino","Costo por visita a la página de destino (ARS)","Resultados (iniciales)","Indicador de resultados (iniciales)"
2025-08-25,2026-08-25,"PO - Argentina - Profesión: Arquitectos y Constructores",Facebook,"Sección ""Explorar negocios""","En la app",active,"7 días tras clic o 1 día tras visualización",2,reach,2,1,1019.99677312,1501,Diario,2.039994,2026-08-31,2024-08-09,2,1019.996773,,,,,0,0,0,,,,
2025-08-25,2026-08-25,"PO - Argentina - Profesión: Arquitectos y Constructores",Facebook,"Feed del perfil de Facebook","En la app",active,"7 días tras clic o 1 día tras visualización",1127,reach,1127,1.204082,914.61112604,1501,Diario,1030.766739,2026-08-31,2024-08-09,1357,759.592291,1,,1030.766739,0.073692,7,0.515844,147.252391,,,,
2025-08-25,2026-08-25,"PO - Argentina - Profesión: Arquitectos y Constructores",Facebook,"Facebook Reels","En la app",active,"7 días tras clic o 1 día tras visualización",14232,reach,14232,4.337128,3235.23850018,1501,Diario,46043.914335,2026-08-31,2024-08-09,61726,745.940355,12,,3836.992861,0.019441,106,0.171727,434.37655,1,46043.914335,,
2025-08-25,2026-08-25,"PO - Argentina - Profesión: Arquitectos y Constructores",Facebook,"Facebook Reels","Web móvil",active,"7 días tras clic o 1 día tras visualización",330,reach,330,3.793939,2672.9309378,1501,Diario,882.067209,2026-08-31,2024-08-09,1252,704.526525,,,,,0,0,0,,,,
2025-08-25,2026-08-25,"PO - Argentina - Profesión: Arquitectos y Constructores",Facebook,"Anuncios en Facebook Reels","En la app",active,"7 días tras clic o 1 día tras visualización",480,reach,480,1.466667,1090.47571681,1501,Diario,523.428344,2026-08-31,2024-08-09,704,743.506171,2,,261.714172,0.284091,6,0.852273,87.238057,1,523.428344,,
2025-08-25,2026-08-25,"PO - Argentina - Profesión: Arquitectos y Constructores",Facebook,"Facebook Stories","En la app",active,"7 días tras clic o 1 día tras visualización",5524,reach,5524,2.510319,1892.57728559,1501,Diario,10454.596926,2026-08-31,2024-08-09,13867,753.919155,30,,348.486564,0.216341,38,0.274032,275.120972,4,2613.649231,,
2025-08-25,2026-08-25,"PO - Argentina - Profesión: Arquitectos y Constructores",Facebook,Feed,Computadora,active,"7 días tras clic o 1 día tras visualización",1982,reach,1982,3.683148,3109.79339085,1501,Diario,6163.610501,2026-08-31,2024-08-09,7300,844.330206,,,,,16,0.219178,385.225656,,,,
2025-08-25,2026-08-25,"PO - Argentina - Profesión: Arquitectos y Constructores",Facebook,Feed,"En la app",active,"7 días tras clic o 1 día tras visualización",36185,reach,36185,7.037723,5407.67337165,1501,Diario,195676.660953,2026-08-31,2024-08-09,254660,768.383967,91,,2150.292978,0.035734,1001,0.393073,195.48118,36,5435.462804,,
2025-08-25,2026-08-25,"PO - Argentina - Profesión: Arquitectos y Constructores",Facebook,Feed,"Web móvil",active,"7 días tras clic o 1 día tras visualización",692,reach,692,4.66763,3715.75414072,1501,Diario,2571.301865,2026-08-31,2024-08-09,3230,796.068689,1,,2571.301865,0.03096,10,0.309598,257.130187,,,,
2025-08-25,2026-08-25,"PO - Argentina - Profesión: Arquitectos y Constructores",Facebook,"Reels instream",Computadora,active,"7 días tras clic o 1 día tras visualización",8,reach,8,1,912.4971132,1501,Diario,7.299977,2026-08-31,2024-08-09,8,912.497113,,,,,0,0,0,,,,
2025-08-25,2026-08-25,"PO - Argentina - Profesión: Arquitectos y Constructores",Facebook,"Reels instream","En la app",active,"7 días tras clic o 1 día tras visualización",3187,reach,3187,1.968936,1974.58427717,1501,Diario,6293.000091,2026-08-31,2024-08-09,6275,1002.86854,52,,121.019233,0.828685,72,1.14741,87.402779,16,393.312506,,
2025-08-25,2026-08-25,"PO - Argentina - Profesión: Arquitectos y Constructores",Facebook,Marketplace,Computadora,active,"7 días tras clic o 1 día tras visualización",690,reach,690,2.973913,2255.10880772,1501,Diario,1556.025077,2026-08-31,2024-08-09,2052,758.296821,1,,1556.025077,0.048733,1,0.048733,1556.025077,,,,
2025-08-25,2026-08-25,"PO - Argentina - Profesión: Arquitectos y Constructores",Facebook,Marketplace,"En la app",active,"7 días tras clic o 1 día tras visualización",9680,reach,9680,3.422107,2278.64155157,1501,Diario,22057.250219,2026-08-31,2024-08-09,33126,665.85915,16,,1378.578139,0.0483,21,0.063394,1050.345249,6,3676.20837,,
2025-08-25,2026-08-25,"PO - Argentina - Profesión: Arquitectos y Constructores",Facebook,"Resultados de búsqueda",Computadora,active,"7 días tras clic o 1 día tras visualización",8,reach,8,1,741.24765497,1501,Diario,5.929981,2026-08-31,2024-08-09,8,741.247655,,,,,0,0,0,,,,
2025-08-25,2026-08-25,"PO - Argentina - Profesión: Arquitectos y Constructores",Facebook,"Resultados de búsqueda","En la app",active,"7 días tras clic o 1 día tras visualización",560,reach,560,1.069643,566.60535033,1501,Diario,317.298996,2026-08-31,2024-08-09,599,529.714518,,,,,0,0,0,,,,
2025-08-25,2026-08-25,"PO - Argentina - Profesión: Arquitectos y Constructores",Facebook,"Feed: feeds de video","En la app",active,"7 días tras clic o 1 día tras visualización",9,reach,9,1,377.77658264,1501,Diario,3.399989,2026-08-31,2024-08-09,9,377.776583,,,,,0,0,0,,,,
2025-08-25,2026-08-25,"PO - Argentina - Profesión: Arquitectos y Constructores",Instagram,Feed,Computadora,active,"7 días tras clic o 1 día tras visualización",357,reach,357,2.229692,1898.14525549,1501,Diario,677.637856,2026-08-31,2024-08-09,796,851.303839,,,,,0,0,0,,,,
2025-08-25,2026-08-25,"PO - Argentina - Profesión: Arquitectos y Constructores",Instagram,Feed,"En la app",active,"7 días tras clic o 1 día tras visualización",17264,reach,17264,6.233897,5437.22214067,1501,Diario,93868.203037,2026-08-31,2024-08-09,107622,872.202738,123,,763.156122,0.114289,163,0.151456,575.878546,59,1590.986492,,
2025-08-25,2026-08-25,"PO - Argentina - Profesión: Arquitectos y Constructores",Instagram,Feed,"Web móvil",active,"7 días tras clic o 1 día tras visualización",167,reach,167,2.60479,2036.16122303,1501,Diario,340.038924,2026-08-31,2024-08-09,435,781.698676,1,,340.038924,0.229885,1,0.229885,340.038924,1,340.038924,,
2025-08-25,2026-08-25,"PO - Argentina - Profesión: Arquitectos y Constructores",Instagram,Explorar,"En la app",active,"7 días tras clic o 1 día tras visualización",785,reach,785,1.37707,771.48800516,1501,Diario,605.618084,2026-08-31,2024-08-09,1081,560.238746,1,,605.618084,0.092507,1,0.092507,605.618084,,,,
2025-08-25,2026-08-25,"PO - Argentina - Profesión: Arquitectos y Constructores",Instagram,"Inicio de la sección ""Explorar""","En la app",active,"7 días tras clic o 1 día tras visualización",5764,reach,5764,2.050486,1031.01165846,1501,Diario,5942.751199,2026-08-31,2024-08-09,11819,502.813368,,,,,0,0,0,,,,
2025-08-25,2026-08-25,"PO - Argentina - Profesión: Arquitectos y Constructores",Instagram,"Instagram Reels","En la app",active,"7 días tras clic o 1 día tras visualización",19872,reach,19872,5.255284,4608.49991321,1501,Diario,91580.110275,2026-08-31,2024-08-09,104433,876.926932,41,,2233.661226,0.03926,122,0.116821,750.656642,14,6541.436448,,
2025-08-25,2026-08-25,"PO - Argentina - Profesión: Arquitectos y Constructores",Instagram,"Resultados de búsqueda de Instagram","En la app",active,"7 días tras clic o 1 día tras visualización",204,reach,204,1.029412,587.49814138,1501,Diario,119.849621,2026-08-31,2024-08-09,210,570.71248,,,,,0,0,0,,,,
2025-08-25,2026-08-25,"PO - Argentina - Profesión: Arquitectos y Constructores",Instagram,"Instagram Stories",Computadora,active,"7 días tras clic o 1 día tras visualización",361,reach,361,2.168975,1397.0315914,1501,Diario,504.328405,2026-08-31,2024-08-09,783,644.097579,,,,,1,0.127714,504.328405,,,,
2025-08-25,2026-08-25,"PO - Argentina - Profesión: Arquitectos y Constructores",Instagram,"Instagram Stories","En la app",active,"7 días tras clic o 1 día tras visualización",21353,reach,21353,6.331335,5006.19218928,1501,Diario,106897.221818,2026-08-31,2024-08-09,135193,790.700863,224,,477.21974,0.165689,250,0.184921,427.588887,56,1908.878961,,
2025-08-25,2026-08-25,"PO - Argentina - Profesión: Arquitectos y Constructores",Instagram,"Instagram Stories","Web móvil",active,"7 días tras clic o 1 día tras visualización",82,reach,82,2.792683,1602.0681024,1501,Diario,131.369584,2026-08-31,2024-08-09,229,573.666307,2,,65.684792,0.873362,2,0.873362,65.684792,2,65.684792,,
2025-08-25,2026-08-25,"PO - Argentina - Interés: Construcción + Aluminio",Facebook,"Sección ""Explorar negocios""","En la app",active,"7 días tras clic o 1 día tras visualización",23,reach,23,1.086957,238.68082425,3000,Diario,5.489659,2026-08-31,2024-08-12,25,219.586358,,,,,0,0,0,,,,
2025-08-25,2026-08-25,"PO - Argentina - Interés: Construcción + Aluminio",Facebook,"Feed del perfil de Facebook","En la app",active,"7 días tras clic o 1 día tras visualización",8727,reach,8727,1.060846,227.19111103,3000,Diario,1982.696826,2026-08-31,2024-08-12,9258,214.160383,1,,1982.696826,0.010801,12,0.129618,165.224736,,,,
2025-08-25,2026-08-25,"PO - Argentina - Interés: Construcción + Aluminio",Facebook,"Facebook Reels","En la app",active,"7 días tras clic o 1 día tras visualización",194872,reach,194872,1.367298,307.61851816,3000,Diario,59946.235871,2026-08-31,2024-08-12,266448,224.98287,45,,1332.138575,0.016889,322,0.120849,186.168434,11,5449.657806,,
2025-08-25,2026-08-25,"PO - Argentina - Interés: Construcción + Aluminio",Facebook,"Facebook Reels","Web móvil",active,"7 días tras clic o 1 día tras visualización",2494,reach,2494,1.53328,328.08306628,3000,Diario,818.239167,2026-08-31,2024-08-12,3824,213.974678,1,,818.239167,0.026151,4,0.104603,204.559792,,,,
2025-08-25,2026-08-25,"PO - Argentina - Interés: Construcción + Aluminio",Facebook,"Anuncios en Facebook Reels","En la app",active,"7 días tras clic o 1 día tras visualización",4,reach,4,1,252.48431454,3000,Diario,1.009937,2026-08-31,2024-08-12,4,252.484315,,,,,0,0,0,,,,
2025-08-25,2026-08-25,"PO - Argentina - Interés: Construcción + Aluminio",Facebook,"Facebook Stories","En la app",active,"7 días tras clic o 1 día tras visualización",17075,reach,17075,1.183543,280.94828562,3000,Diario,4797.191977,2026-08-31,2024-08-12,20209,237.378988,20,,239.859599,0.098966,24,0.118759,199.882999,3,1599.063992,,
2025-08-25,2026-08-25,"PO - Argentina - Interés: Construcción + Aluminio",Facebook,Feed,Computadora,active,"7 días tras clic o 1 día tras visualización",12437,reach,12437,1.574897,337.47119526,3000,Diario,4197.129256,2026-08-31,2024-08-12,19587,214.281373,1,,4197.129256,0.005105,26,0.132741,161.428048,,,,
2025-08-25,2026-08-25,"PO - Argentina - Interés: Construcción + Aluminio",Facebook,Feed,"En la app",active,"7 días tras clic o 1 día tras visualización",841023,reach,841023,1.879673,409.07602592,3000,Diario,344042.346546,2026-08-31,2024-08-12,1580848,217.631516,712,,483.205543,0.045039,4341,0.274599,79.254169,161,2136.908985,,
2025-08-25,2026-08-25,"PO - Argentina - Interés: Construcción + Aluminio",Facebook,Feed,"Web móvil",active,"7 días tras clic o 1 día tras visualización",5657,reach,5657,1.629309,348.22655469,3000,Diario,1969.91762,2026-08-31,2024-08-12,9217,213.726551,5,,393.983524,0.054248,31,0.336335,63.54573,,,,
2025-08-25,2026-08-25,"PO - Argentina - Interés: Construcción + Aluminio",Facebook,"Reels instream",Computadora,active,"7 días tras clic o 1 día tras visualización",4,reach,4,1,219.98633346,3000,Diario,0.879945,2026-08-31,2024-08-12,4,219.986333,,,,,0,0,0,,,,
2025-08-25,2026-08-25,"PO - Argentina - Interés: Construcción + Aluminio",Facebook,"Reels instream","En la app",active,"7 días tras clic o 1 día tras visualización",387,reach,387,1.036176,370.93302833,3000,Diario,143.551082,2026-08-31,2024-08-12,401,357.982748,4,,35.88777,0.997506,4,0.997506,35.88777,,,,
2025-08-25,2026-08-25,"PO - Argentina - Interés: Construcción + Aluminio",Facebook,Marketplace,Computadora,active,"7 días tras clic o 1 día tras visualización",6098,reach,6098,1.524106,352.6658573,3000,Diario,2150.556398,2026-08-31,2024-08-12,9294,231.391909,2,,1075.278199,0.021519,2,0.021519,1075.278199,,,,
2025-08-25,2026-08-25,"PO - Argentina - Interés: Construcción + Aluminio",Facebook,Marketplace,"En la app",active,"7 días tras clic o 1 día tras visualización",181529,reach,181529,1.580089,372.90071917,3000,Diario,67692.294651,2026-08-31,2024-08-12,286832,235.9998,147,,460.4918,0.05125,177,0.061709,382.442343,22,3076.922484,,
2025-08-25,2026-08-25,"PO - Argentina - Interés: Construcción + Aluminio",Facebook,"Resultados de búsqueda",Computadora,active,"7 días tras clic o 1 día tras visualización",126,reach,126,1.087302,198.16229244,3000,Diario,24.968449,2026-08-31,2024-08-12,137,182.251451,,,,,0,0,0,,,,
2025-08-25,2026-08-25,"PO - Argentina - Interés: Construcción + Aluminio",Facebook,"Resultados de búsqueda","En la app",active,"7 días tras clic o 1 día tras visualización",30734,reach,30734,1.173261,239.19936515,3000,Diario,7351.553289,2026-08-31,2024-08-12,36059,203.875684,27,,272.279751,0.074877,27,0.074877,272.279751,8,918.944161,,
2025-08-25,2026-08-25,"PO - Argentina - Interés: Construcción + Aluminio",Facebook,"Feed: feeds de video","En la app",active,"7 días tras clic o 1 día tras visualización",59,reach,59,1.050847,211.85124563,3000,Diario,12.499223,2026-08-31,2024-08-12,62,201.600379,1,,12.499223,1.612903,1,1.612903,12.499223,,,,
2025-08-25,2026-08-25,"PO - Argentina - Interés: Construcción + Aluminio",Instagram,Feed,Computadora,active,"7 días tras clic o 1 día tras visualización",2784,reach,2784,1.252514,254.5495598,3000,Diario,708.665974,2026-08-31,2024-08-12,3487,203.23085,1,,708.665974,0.028678,1,0.028678,708.665974,,,,
2025-08-25,2026-08-25,"PO - Argentina - Interés: Construcción + Aluminio",Instagram,Feed,"En la app",active,"7 días tras clic o 1 día tras visualización",481968,reach,481968,1.542372,373.11945617,3000,Diario,179831.638052,2026-08-31,2024-08-12,743374,241.912736,471,,381.808149,0.06336,653,0.087843,275.393014,152,1183.102882,,
2025-08-25,2026-08-25,"PO - Argentina - Interés: Construcción + Aluminio",Instagram,Feed,"Web móvil",active,"7 días tras clic o 1 día tras visualización",1454,reach,1454,1.218707,249.17296592,3000,Diario,362.297492,2026-08-31,2024-08-12,1772,204.456824,1,,362.297492,0.056433,1,0.056433,362.297492,,,,
2025-08-25,2026-08-25,"PO - Argentina - Interés: Construcción + Aluminio",Instagram,Explorar,"En la app",active,"7 días tras clic o 1 día tras visualización",3412,reach,3412,1.11694,229.87434754,3000,Diario,784.331274,2026-08-31,2024-08-12,3811,205.807209,9,,87.147919,0.236158,10,0.262398,78.433127,3,261.443758,,
2025-08-25,2026-08-25,"PO - Argentina - Interés: Construcción + Aluminio",Instagram,"Inicio de la sección ""Explorar""","En la app",active,"7 días tras clic o 1 día tras visualización",57919,reach,57919,1.101935,224.61009014,3000,Diario,13009.191811,2026-08-31,2024-08-12,63823,203.832346,,,,,0,0,0,,,,
2025-08-25,2026-08-25,"PO - Argentina - Interés: Construcción + Aluminio",Instagram,"Instagram Reels",Computadora,active,"7 días tras clic o 1 día tras visualización",6,reach,6,1,159.9900607,3000,Diario,0.95994,2026-08-31,2024-08-12,6,159.990061,,,,,0,0,0,,,,
2025-08-25,2026-08-25,"PO - Argentina - Interés: Construcción + Aluminio",Instagram,"Instagram Reels","En la app",active,"7 días tras clic o 1 día tras visualización",289717,reach,289717,1.470732,373.87174678,3000,Diario,108317.000862,2026-08-31,2024-08-12,426096,254.207974,70,,1547.385727,0.016428,219,0.051397,494.598177,11,9847.000078,,
2025-08-25,2026-08-25,"PO - Argentina - Interés: Construcción + Aluminio",Instagram,"Resultados de búsqueda de Instagram","En la app",active,"7 días tras clic o 1 día tras visualización",2611,reach,2611,1,218.88337632,3000,Diario,571.504496,2026-08-31,2024-08-12,2611,218.883376,,,,,4,0.153198,142.876124,,,,
2025-08-25,2026-08-25,"PO - Argentina - Interés: Construcción + Aluminio",Instagram,"Instagram Stories",Computadora,active,"7 días tras clic o 1 día tras visualización",1474,reach,1474,1.08616,218.67026868,3000,Diario,322.319976,2026-08-31,2024-08-12,1601,201.324157,,,,,0,0,0,,,,
2025-08-25,2026-08-25,"PO - Argentina - Interés: Construcción + Aluminio",Instagram,"Instagram Stories","En la app",active,"7 días tras clic o 1 día tras visualización",571585,reach,571585,2.116635,495.7205092,3000,Diario,283346.40725,2026-08-31,2024-08-12,1209837,234.202134,927,,305.659555,0.076622,1087,0.089847,260.668268,182,1556.848391,,
2025-08-25,2026-08-25,"PO - Argentina - Interés: Construcción + Aluminio",Instagram,"Instagram Stories","Web móvil",active,"7 días tras clic o 1 día tras visualización",314,reach,314,1.022293,202.75810439,3000,Diario,63.666045,2026-08-31,2024-08-12,321,198.336588,,,,,0,0,0,,,,
2025-08-25,2026-08-25,"PO - Argentina - Interés: Construcción + Aluminio",Threads,"Feed de Threads","En la app",active,"7 días tras clic o 1 día tras visualización",5453,reach,5453,1.082707,255.39583365,3000,Diario,1392.673481,2026-08-31,2024-08-12,5904,235.88643,8,,174.084185,0.135501,7,0.118564,198.953354,,,,
2025-08-25,2026-08-25,"PO - Argentina - Interés: Construcción + Aluminio",WhatsApp,Estado,"En la app",active,"7 días tras clic o 1 día tras visualización",43452,reach,43452,1.052265,206.17217739,3000,Diario,8958.593452,2026-08-31,2024-08-12,45723,195.931882,50,,179.171869,0.109354,65,0.14216,137.824515,1,8958.593452,,
2025-08-25,2026-08-25,"PO - Argentina - Interés: Diseño de Interiores + Aluminio",Facebook,"Sección ""Explorar negocios""","En la app",active,"7 días tras clic o 1 día tras visualización",11,reach,11,1,268.16798018,3000,Diario,2.949848,2026-08-31,2024-08-12,11,268.16798,,,,,0,0,0,,,,
2025-08-25,2026-08-25,"PO - Argentina - Interés: Diseño de Interiores + Aluminio",Facebook,"Feed del perfil de Facebook","En la app",active,"7 días tras clic o 1 día tras visualización",9722,reach,9722,1.031784,223.83745181,3000,Diario,2176.147706,2026-08-31,2024-08-12,10031,216.94225,,,,,11,0.10966,197.83161,,,,
2025-08-25,2026-08-25,"PO - Argentina - Interés: Diseño de Interiores + Aluminio",Facebook,"Facebook Reels","En la app",active,"7 días tras clic o 1 día tras visualización",195774,reach,195774,1.355859,312.18780929,3000,Diario,61118.256177,2026-08-31,2024-08-12,265442,230.250888,37,,1651.844762,0.013939,369,0.139013,165.632131,7,8731.179454,,
2025-08-25,2026-08-25,"PO - Argentina - Interés: Diseño de Interiores + Aluminio",Facebook,"Facebook Reels","Web móvil",active,"7 días tras clic o 1 día tras visualización",2494,reach,2494,1.530473,331.16575,3000,Diario,825.927381,2026-08-31,2024-08-12,3817,216.381289,2,,412.96369,0.052397,4,0.104794,206.481845,,,,
2025-08-25,2026-08-25,"PO - Argentina - Interés: Diseño de Interiores + Aluminio",Facebook,"Anuncios en Facebook Reels","En la app",active,"7 días tras clic o 1 día tras visualización",2,reach,2,1,164.99148611,3000,Diario,0.329983,2026-08-31,2024-08-12,2,164.991486,,,,,0,0,0,,,,
2025-08-25,2026-08-25,"PO - Argentina - Interés: Diseño de Interiores + Aluminio",Facebook,"Facebook Stories","En la app",active,"7 días tras clic o 1 día tras visualización",16730,reach,16730,1.208548,296.18435766,3000,Diario,4955.164304,2026-08-31,2024-08-12,20219,245.074648,18,,275.286906,0.089025,19,0.093971,260.798121,4,1238.791076,,
2025-08-25,2026-08-25,"PO - Argentina - Interés: Diseño de Interiores + Aluminio",Facebook,Feed,Computadora,active,"7 días tras clic o 1 día tras visualización",12157,reach,12157,1.604096,348.53757946,3000,Diario,4237.171354,2026-08-31,2024-08-12,19501,217.279696,1,,4237.171354,0.005128,26,0.133327,162.968129,,,,
2025-08-25,2026-08-25,"PO - Argentina - Interés: Diseño de Interiores + Aluminio",Facebook,Feed,"En la app",active,"7 días tras clic o 1 día tras visualización",995276,reach,995276,1.882967,412.61805637,3000,Diario,410668.848671,2026-08-31,2024-08-12,1874072,219.131842,898,,457.314976,0.047917,5622,0.299988,73.046754,226,1817.118799,,
2025-08-25,2026-08-25,"PO - Argentina - Interés: Diseño de Interiores + Aluminio",Facebook,Feed,"Web móvil",active,"7 días tras clic o 1 día tras visualización",6345,reach,6345,1.70197,362.67316872,3000,Diario,2301.161256,2026-08-31,2024-08-12,10799,213.090217,4,,575.290314,0.03704,48,0.444486,47.940859,,,,
2025-08-25,2026-08-25,"PO - Argentina - Interés: Diseño de Interiores + Aluminio",Facebook,"Reels instream",Computadora,active,"7 días tras clic o 1 día tras visualización",1,reach,1,1,169.99122811,3000,Diario,0.169991,2026-08-31,2024-08-12,1,169.991228,,,,,0,0,0,,,,
2025-08-25,2026-08-25,"PO - Argentina - Interés: Diseño de Interiores + Aluminio",Facebook,"Reels instream","En la app",active,"7 días tras clic o 1 día tras visualización",534,reach,534,1,579.78281614,3000,Diario,309.604024,2026-08-31,2024-08-12,534,579.782816,4,,77.401006,0.749064,6,1.123596,51.600671,,,,
2025-08-25,2026-08-25,"PO - Argentina - Interés: Diseño de Interiores + Aluminio",Facebook,Marketplace,Computadora,active,"7 días tras clic o 1 día tras visualización",6764,reach,6764,1.563276,367.19128283,3000,Diario,2483.681837,2026-08-31,2024-08-12,10574,234.885742,2,,1241.840919,0.018914,2,0.018914,1241.840919,,,,
2025-08-25,2026-08-25,"PO - Argentina - Interés: Diseño de Interiores + Aluminio",Facebook,Marketplace,"En la app",active,"7 días tras clic o 1 día tras visualización",208638,reach,208638,1.542591,372.14200418,3000,Diario,77642.963469,2026-08-31,2024-08-12,321843,241.244841,204,,380.602762,0.063385,250,0.077678,310.571854,35,2218.370385,,
2025-08-25,2026-08-25,"PO - Argentina - Interés: Diseño de Interiores + Aluminio",Facebook,"Resultados de búsqueda",Computadora,active,"7 días tras clic o 1 día tras visualización",111,reach,111,1.045045,188.00831642,3000,Diario,20.868923,2026-08-31,2024-08-12,116,179.90451,,,,,0,0,0,,,,
2025-08-25,2026-08-25,"PO - Argentina - Interés: Diseño de Interiores + Aluminio",Facebook,"Resultados de búsqueda","En la app",active,"7 días tras clic o 1 día tras visualización",23611,reach,23611,1.145822,232.17344144,3000,Diario,5481.847126,2026-08-31,2024-08-12,27054,202.626123,28,,195.780254,0.103497,28,0.103497,195.780254,6,913.641188,,
2025-08-25,2026-08-25,"PO - Argentina - Interés: Diseño de Interiores + Aluminio",Facebook,"Feed: feeds de video","En la app",active,"7 días tras clic o 1 día tras visualización",30,reach,30,1,204.32278987,3000,Diario,6.129684,2026-08-31,2024-08-12,30,204.32279,,,,,0,0,0,,,,
2025-08-25,2026-08-25,"PO - Argentina - Interés: Diseño de Interiores + Aluminio",Instagram,Feed,Computadora,active,"7 días tras clic o 1 día tras visualización",1646,reach,1646,1.230255,249.15482234,3000,Diario,410.108838,2026-08-31,2024-08-12,2025,202.522883,,,,,1,0.049383,410.108838,,,,
2025-08-25,2026-08-25,"PO - Argentina - Interés: Diseño de Interiores + Aluminio",Instagram,Feed,"En la app",active,"7 días tras clic o 1 día tras visualización",447295,reach,447295,1.592683,379.19484386,3000,Diario,169611.957686,2026-08-31,2024-08-12,712399,238.08562,499,,339.903723,0.070045,672,0.094329,252.398747,210,807.675989,,
2025-08-25,2026-08-25,"PO - Argentina - Interés: Diseño de Interiores + Aluminio",Instagram,Feed,"Web móvil",active,"7 días tras clic o 1 día tras visualización",910,reach,910,1.138462,238.99865621,3000,Diario,217.488777,2026-08-31,2024-08-12,1036,209.931252,,,,,0,0,0,,,,
2025-08-25,2026-08-25,"PO - Argentina - Interés: Diseño de Interiores + Aluminio",Instagram,Explorar,"En la app",active,"7 días tras clic o 1 día tras visualización",3482,reach,3482,1.085583,226.37832417,3000,Diario,788.249325,2026-08-31,2024-08-12,3780,208.531567,5,,157.649865,0.132275,7,0.185185,112.607046,1,788.249325,,
2025-08-25,2026-08-25,"PO - Argentina - Interés: Diseño de Interiores + Aluminio",Instagram,"Inicio de la sección ""Explorar""","En la app",active,"7 días tras clic o 1 día tras visualización",56992,reach,56992,1.112051,226.60660395,3000,Diario,12914.763573,2026-08-31,2024-08-12,63378,203.773606,1,,12914.763573,0.001578,1,0.001578,12914.763573,,,,
2025-08-25,2026-08-25,"PO - Argentina - Interés: Diseño de Interiores + Aluminio",Instagram,"Instagram Reels",Computadora,active,"7 días tras clic o 1 día tras visualización",3,reach,3,1,223.32180948,3000,Diario,0.669965,2026-08-31,2024-08-12,3,223.321809,,,,,0,0,0,,,,
2025-08-25,2026-08-25,"PO - Argentina - Interés: Diseño de Interiores + Aluminio",Instagram,"Instagram Reels","En la app",active,"7 días tras clic o 1 día tras visualización",223353,reach,223353,1.387114,365.25092708,3000,Diario,81579.890316,2026-08-31,2024-08-12,309816,263.317228,41,,1989.753422,0.013234,155,0.05003,526.321873,13,6275.376178,,
2025-08-25,2026-08-25,"PO - Argentina - Interés: Diseño de Interiores + Aluminio",Instagram,"Resultados de búsqueda de Instagram","En la app",active,"7 días tras clic o 1 día tras visualización",2803,reach,2803,1.0396,229.20686673,3000,Diario,642.466847,2026-08-31,2024-08-12,2914,220.475926,,,,,0,0,0,,,,
2025-08-25,2026-08-25,"PO - Argentina - Interés: Diseño de Interiores + Aluminio",Instagram,"Instagram Stories",Computadora,active,"7 días tras clic o 1 día tras visualización",1145,reach,1145,1.110917,225.48181447,3000,Diario,258.176678,2026-08-31,2024-08-12,1272,202.969086,,,,,0,0,0,,,,
2025-08-25,2026-08-25,"PO - Argentina - Interés: Diseño de Interiores + Aluminio",Instagram,"Instagram Stories","En la app",active,"7 días tras clic o 1 día tras visualización",513090,reach,513090,2.009412,476.27640353,3000,Diario,244372.659885,2026-08-31,2024-08-12,1031009,237.022819,820,,298.015439,0.079534,968,0.093889,252.451095,165,1481.046424,,
2025-08-25,2026-08-25,"PO - Argentina - Interés: Diseño de Interiores + Aluminio",Instagram,"Instagram Stories","Web móvil",active,"7 días tras clic o 1 día tras visualización",210,reach,210,1.052381,210.1796305,3000,Diario,44.137722,2026-08-31,2024-08-12,221,199.718201,,,,,0,0,0,,,,
2025-08-25,2026-08-25,"PO - Argentina - Interés: Diseño de Interiores + Aluminio",Threads,"Feed de Threads","En la app",active,"7 días tras clic o 1 día tras visualización",2749,reach,2749,1.082939,266.74869431,3000,Diario,733.292161,2026-08-31,2024-08-12,2977,246.319167,10,,73.329216,0.335909,10,0.335909,73.329216,,,,
2025-08-25,2026-08-25,"PO - Argentina - Interés: Diseño de Interiores + Aluminio",WhatsApp,Estado,"En la app",active,"7 días tras clic o 1 día tras visualización",58652,reach,58652,1.062794,209.31488263,3000,Diario,12276.736496,2026-08-31,2024-08-12,62335,196.947726,79,,155.401728,0.126735,98,0.157215,125.272821,4,3069.184124,,
2025-08-25,2026-08-25,"PO - Argentina - Interés: Diseño de Interiores + Aluminio","Audience Network","Nativo, banner e intersticial",Computadora,active,"7 días tras clic o 1 día tras visualización",22,actions:link_click,299,1.167224,25.11775078,1800,Diario,552.590517,2026-08-31,2024-08-12,349,1583.353917,22,,25.117751,6.303725,20,5.730659,27.629526,4,138.147629,,
2025-08-25,2026-08-25,"PO - Argentina - Interés: Diseño de Interiores + Aluminio","Audience Network","Nativo, banner e intersticial","En la app",active,"7 días tras clic o 1 día tras visualización",1428,actions:link_click,25774,1.498099,35.50021895,1800,Diario,50694.312656,2026-08-31,2024-08-12,38612,1312.916002,1428,,35.500219,3.698332,1403,3.633585,36.132796,221,229.38603,,
2025-08-25,2026-08-25,"PO - Argentina - Interés: Diseño de Interiores + Aluminio","Audience Network","Video con premio",Computadora,active,"7 días tras clic o 1 día tras visualización",42,actions:link_click,850,1.264706,24.9267402,1800,Diario,1046.923088,2026-08-31,2024-08-12,1075,973.881943,42,,24.92674,3.906977,42,3.906977,24.92674,9,116.324788,,
2025-08-25,2026-08-25,"PO - Argentina - Interés: Diseño de Interiores + Aluminio","Audience Network","Video con premio","En la app",active,"7 días tras clic o 1 día tras visualización",712,actions:link_click,16716,1.723977,48.53369614,1800,Diario,34555.99165,2026-08-31,2024-08-12,28818,1199.111377,712,,48.533696,2.470678,708,2.456798,48.807898,172,200.906928,,
2025-08-25,2026-08-25,"PO - Argentina - Interés: Diseño de Interiores + Aluminio",Facebook,"Notificaciones de Facebook","En la app",active,"7 días tras clic o 1 día tras visualización",,,2,1,,1800,Diario,2.459913,2026-08-31,2024-08-12,2,1229.956635,,,,,0,0,0,,,,
2025-08-25,2026-08-25,"PO - Argentina - Interés: Diseño de Interiores + Aluminio",Facebook,"Feed del perfil de Facebook","En la app",active,"7 días tras clic o 1 día tras visualización",6,actions:link_click,367,1.024523,21.74923318,1800,Diario,130.495399,2026-08-31,2024-08-12,376,347.062232,6,,21.749233,1.595745,9,2.393617,14.499489,1,130.495399,,
2025-08-25,2026-08-25,"PO - Argentina - Interés: Diseño de Interiores + Aluminio",Facebook,"Facebook Reels","En la app",active,"7 días tras clic o 1 día tras visualización",3712,actions:link_click,346793,1.532245,32.75016536,1800,Diario,121568.613821,2026-08-31,2024-08-12,531372,228.782499,3712,,32.750165,0.698569,6042,1.137057,20.120592,1226,99.158739,,
2025-08-25,2026-08-25,"PO - Argentina - Interés: Diseño de Interiores + Aluminio",Facebook,"Facebook Reels","Web móvil",active,"7 días tras clic o 1 día tras visualización",,,1,1,,1800,Diario,0.019999,2026-08-31,2024-08-12,1,19.999295,,,,,0,0,0,,,,
2025-08-25,2026-08-25,"PO - Argentina - Interés: Diseño de Interiores + Aluminio",Facebook,"Anuncios en Facebook Reels","En la app",active,"7 días tras clic o 1 día tras visualización",288,actions:link_click,25396,1.041306,34.03296676,1800,Diario,9801.494426,2026-08-31,2024-08-12,26445,370.636961,288,,34.032967,1.089053,288,1.089053,34.032967,15,653.432962,,
2025-08-25,2026-08-25,"PO - Argentina - Interés: Diseño de Interiores + Aluminio",Facebook,"Facebook Stories","En la app",active,"7 días tras clic o 1 día tras visualización",170,actions:link_click,5397,1.110802,35.72862266,1800,Diario,6073.865852,2026-08-31,2024-08-12,5995,1013.155271,170,,35.728623,2.835696,182,3.035863,33.372889,38,159.838575,,
2025-08-25,2026-08-25,"PO - Argentina - Interés: Diseño de Interiores + Aluminio",Facebook,Feed,Computadora,active,"7 días tras clic o 1 día tras visualización",1,actions:link_click,8,1.375,34.97876674,1800,Diario,34.978767,2026-08-31,2024-08-12,11,3179.887886,1,,34.978767,9.090909,2,18.181818,17.489383,,,,
2025-08-25,2026-08-25,"PO - Argentina - Interés: Diseño de Interiores + Aluminio",Facebook,Feed,"En la app",active,"7 días tras clic o 1 día tras visualización",3210,actions:link_click,90815,1.548103,35.40902883,1800,Diario,113662.982552,2026-08-31,2024-08-12,140591,808.465567,3210,,35.409029,2.283219,4716,3.354411,24.101565,620,183.327391,,
2025-08-25,2026-08-25,"PO - Argentina - Interés: Diseño de Interiores + Aluminio",Facebook,Feed,"Web móvil",active,"7 días tras clic o 1 día tras visualización",1,actions:link_click,1,4,10.51962911,1800,Diario,10.519629,2026-08-31,2024-08-12,4,2629.907277,1,,10.519629,25,1,25,10.519629,,,,
2025-08-25,2026-08-25,"PO - Argentina - Interés: Diseño de Interiores + Aluminio",Facebook,"Reels instream",Computadora,active,"7 días tras clic o 1 día tras visualización",14,actions:link_click,205,1.107317,19.77144577,1800,Diario,276.800241,2026-08-31,2024-08-12,227,1219.384321,14,,19.771446,6.167401,14,6.167401,19.771446,3,92.266747,,
2025-08-25,2026-08-25,"PO - Argentina - Interés: Diseño de Interiores + Aluminio",Facebook,"Reels instream","En la app",active,"7 días tras clic o 1 día tras visualización",8328,actions:link_click,205603,1.261446,28.9294003,1800,Diario,240924.045673,2026-08-31,2024-08-12,259357,928.928256,8328,,28.9294,3.211018,8527,3.287746,28.254257,1807,133.328194,,
2025-08-25,2026-08-25,"PO - Argentina - Interés: Diseño de Interiores + Aluminio",Facebook,Marketplace,Computadora,active,"7 días tras clic o 1 día tras visualización",,,6,1.166667,,1800,Diario,1.579944,2026-08-31,2024-08-12,7,225.706328,,,,,0,0,0,,,,
2025-08-25,2026-08-25,"PO - Argentina - Interés: Diseño de Interiores + Aluminio",Facebook,Marketplace,"En la app",active,"7 días tras clic o 1 día tras visualización",289,actions:link_click,10772,1.630616,32.79275385,1800,Diario,9477.105863,2026-08-31,2024-08-12,17565,539.544883,289,,32.792754,1.645317,300,1.707942,31.590353,103,92.010737,,
2025-08-25,2026-08-25,"PO - Argentina - Interés: Diseño de Interiores + Aluminio",Facebook,"Resultados de búsqueda",Computadora,active,"7 días tras clic o 1 día tras visualización",,,2,1,,1800,Diario,0.26999,2026-08-31,2024-08-12,2,134.99524,,,,,0,0,0,,,,
2025-08-25,2026-08-25,"PO - Argentina - Interés: Diseño de Interiores + Aluminio",Facebook,"Resultados de búsqueda","En la app",active,"7 días tras clic o 1 día tras visualización",23,actions:link_click,1452,1.107438,25.77039575,1800,Diario,592.719102,2026-08-31,2024-08-12,1608,368.606407,23,,25.770396,1.430348,24,1.492537,24.696629,9,65.857678,,
2025-08-25,2026-08-25,"PO - Argentina - Interés: Diseño de Interiores + Aluminio",Facebook,"Feed: feeds de video","En la app",active,"7 días tras clic o 1 día tras visualización",,,56,1.214286,,1800,Diario,27.179042,2026-08-31,2024-08-12,68,399.69179,,,,,0,0,0,,,,
2025-08-25,2026-08-25,"PO - Argentina - Interés: Diseño de Interiores + Aluminio",Instagram,Feed,"En la app",active,"7 días tras clic o 1 día tras visualización",107,actions:link_click,2470,1.208502,32.51128365,1800,Diario,3478.70735,2026-08-31,2024-08-12,2985,1165.396097,107,,32.511284,3.58459,116,3.886097,29.988856,32,108.709605,,
2025-08-25,2026-08-25,"PO - Argentina - Interés: Diseño de Interiores + Aluminio",Instagram,Feed,"Web móvil",active,"7 días tras clic o 1 día tras visualización",,,3,1,,1800,Diario,0.049998,2026-08-31,2024-08-12,3,16.666079,,,,,0,0,0,,,,
2025-08-25,2026-08-25,"PO - Argentina - Interés: Diseño de Interiores + Aluminio",Instagram,Explorar,"En la app",active,"7 días tras clic o 1 día tras visualización",,,3,1,,1800,Diario,1.289955,2026-08-31,2024-08-12,3,429.98484,,,,,0,0,0,,,,
2025-08-25,2026-08-25,"PO - Argentina - Interés: Diseño de Interiores + Aluminio",Instagram,"Inicio de la sección ""Explorar""","En la app",active,"7 días tras clic o 1 día tras visualización",,,2,1,,1800,Diario,0.149995,2026-08-31,2024-08-12,2,74.997356,,,,,0,0,0,,,,
2025-08-25,2026-08-25,"PO - Argentina - Interés: Diseño de Interiores + Aluminio",Instagram,"Instagram Reels","En la app",active,"7 días tras clic o 1 día tras visualización",66,actions:link_click,1739,1.140886,34.12106971,1800,Diario,2251.990601,2026-08-31,2024-08-12,1984,1135.075908,66,,34.12107,3.326613,76,3.830645,29.631455,40,56.299765,,
2025-08-25,2026-08-25,"PO - Argentina - Interés: Diseño de Interiores + Aluminio",Instagram,"Resultados de búsqueda de Instagram","En la app",active,"7 días tras clic o 1 día tras visualización",,,1,1,,1800,Diario,0.019999,2026-08-31,2024-08-12,1,19.999295,,,,,0,0,0,,,,
2025-08-25,2026-08-25,"PO - Argentina - Interés: Diseño de Interiores + Aluminio",Instagram,"Instagram Stories",Computadora,active,"7 días tras clic o 1 día tras visualización",,,9,1,,1800,Diario,4.909827,2026-08-31,2024-08-12,9,545.536321,,,,,0,0,0,,,,
2025-08-25,2026-08-25,"PO - Argentina - Interés: Diseño de Interiores + Aluminio",Instagram,"Instagram Stories","En la app",active,"7 días tras clic o 1 día tras visualización",3,actions:link_click,120,1.325,64.94771012,1800,Diario,194.84313,2026-08-31,2024-08-12,159,1225.428493,3,,64.94771,1.886792,5,3.144654,38.968626,2,97.421565,,
2025-08-25,2026-08-25,"PO - Argentina - Interés: Diseño de Interiores + Aluminio",Instagram,"Instagram Stories","Web móvil",active,"7 días tras clic o 1 día tras visualización",,,12,1,,1800,Diario,1.619943,2026-08-31,2024-08-12,12,134.99524,,,,,0,0,0,,,,
2025-08-25,2026-08-25,"PO - Argentina - Interés: Diseño de Interiores + Aluminio",Messenger,"Messenger Stories","En la app",active,"7 días tras clic o 1 día tras visualización",1,actions:link_click,256,1.054688,25.16911261,1800,Diario,25.169113,2026-08-31,2024-08-12,270,93.218936,1,,25.169113,0.37037,1,0.37037,25.169113,,,,
2025-08-25,2026-08-25,"PO - Argentina - Interés: Diseño de Interiores + Aluminio",Threads,"Feed de Threads","En la app",active,"7 días tras clic o 1 día tras visualización",,,43,1.604651,,1800,Diario,74.957357,2026-08-31,2024-08-12,69,1086.33851,,,,,0,0,0,,,,
2025-08-25,2026-08-25,"PO - Argentina - Interés: Diseño de Interiores + Aluminio",WhatsApp,Estado,"En la app",active,"7 días tras clic o 1 día tras visualización",46,actions:link_click,4836,1,34.15510013,1800,Diario,1571.134606,2026-08-31,2024-08-12,4836,324.883086,46,,34.1551,0.951199,48,0.992556,32.731971,5,314.226921,,
2025-08-25,2026-08-25,"PO - Argentina - Profesión: Arquitectos y Constructores","Audience Network","Nativo, banner e intersticial",Computadora,active,"7 días tras clic o 1 día tras visualización",13,actions:link_click,213,1.103286,20.6294753,1800,Diario,268.183179,2026-08-31,2024-08-12,235,1141.205016,13,,20.629475,5.531915,13,5.531915,20.629475,2,134.091589,,
2025-08-25,2026-08-25,"PO - Argentina - Profesión: Arquitectos y Constructores","Audience Network","Nativo, banner e intersticial","En la app",active,"7 días tras clic o 1 día tras visualización",750,actions:link_click,16784,1.403241,35.22721067,1800,Diario,26420.408005,2026-08-31,2024-08-12,23552,1121.790421,750,,35.227211,3.184443,745,3.163213,35.463635,126,209.685778,,
2025-08-25,2026-08-25,"PO - Argentina - Profesión: Arquitectos y Constructores","Audience Network","Video con premio",Computadora,active,"7 días tras clic o 1 día tras visualización",26,actions:link_click,1440,1.616667,27.80506202,1800,Diario,722.931612,2026-08-31,2024-08-12,2328,310.537634,26,,27.805062,1.116838,25,1.073883,28.917265,8,90.366452,,
2025-08-25,2026-08-25,"PO - Argentina - Profesión: Arquitectos y Constructores","Audience Network","Video con premio","En la app",active,"7 días tras clic o 1 día tras visualización",635,actions:link_click,14680,1.677248,42.84045367,1800,Diario,27203.688082,2026-08-31,2024-08-12,24622,1104.852899,635,,42.840454,2.578994,616,2.501828,44.161831,215,126.528782,,
2025-08-25,2026-08-25,"PO - Argentina - Profesión: Arquitectos y Constructores",Facebook,"Feed del perfil de Facebook","En la app",active,"7 días tras clic o 1 día tras visualización",4,actions:link_click,174,1.034483,19.21701122,1800,Diario,76.868045,2026-08-31,2024-08-12,180,427.044694,4,,19.217011,2.222222,10,5.555556,7.686804,1,76.868045,,
2025-08-25,2026-08-25,"PO - Argentina - Profesión: Arquitectos y Constructores",Facebook,"Facebook Reels","En la app",active,"7 días tras clic o 1 día tras visualización",13064,actions:link_click,266555,1.938662,21.82274791,1800,Diario,285092.378761,2026-08-31,2024-08-12,516760,551.69204,13064,,21.822748,2.528059,17352,3.357845,16.429943,7385,38.604249,,
2025-08-25,2026-08-25,"PO - Argentina - Profesión: Arquitectos y Constructores",Facebook,"Anuncios en Facebook Reels","En la app",active,"7 días tras clic o 1 día tras visualización",268,actions:link_click,22405,1,31.41621586,1800,Diario,8419.545851,2026-08-31,2024-08-12,22405,375.788701,268,,31.416216,1.196162,270,1.205088,31.183503,10,841.954585,,
2025-08-25,2026-08-25,"PO - Argentina - Profesión: Arquitectos y Constructores",Facebook,"Facebook Stories","En la app",active,"7 días tras clic o 1 día tras visualización",207,actions:link_click,3036,1.242754,24.08165802,1800,Diario,4984.90321,2026-08-31,2024-08-12,3773,1321.204137,207,,24.081658,5.48635,211,5.592367,23.625134,75,66.465376,,
2025-08-25,2026-08-25,"PO - Argentina - Profesión: Arquitectos y Constructores",Facebook,Feed,Computadora,active,"7 días tras clic o 1 día tras visualización",4,actions:link_click,25,1.88,16.76957347,1800,Diario,67.078294,2026-08-31,2024-08-12,47,1427.197742,4,,16.769573,8.510638,10,21.276596,6.707829,2,33.539147,,
2025-08-25,2026-08-25,"PO - Argentina - Profesión: Arquitectos y Constructores",Facebook,Feed,"En la app",active,"7 días tras clic o 1 día tras visualización",4069,actions:link_click,81154,1.523412,27.7333128,1800,Diario,112846.849774,2026-08-31,2024-08-12,123631,912.771471,4069,,27.733313,3.291246,7299,5.903859,15.46059,1191,94.749664,,
2025-08-25,2026-08-25,"PO - Argentina - Profesión: Arquitectos y Constructores",Facebook,Feed,"Web móvil",active,"7 días tras clic o 1 día tras visualización",,,3,1,,1800,Diario,9.289764,2026-08-31,2024-08-12,3,3096.587906,,,,,0,0,0,,,,
2025-08-25,2026-08-25,"PO - Argentina - Profesión: Arquitectos y Constructores",Facebook,"Reels instream",Computadora,active,"7 días tras clic o 1 día tras visualización",6,actions:link_click,172,1.046512,36.21241228,1800,Diario,217.274474,2026-08-31,2024-08-12,180,1207.080409,6,,36.212412,3.333333,6,3.333333,36.212412,1,217.274474,,
2025-08-25,2026-08-25,"PO - Argentina - Profesión: Arquitectos y Constructores",Facebook,"Reels instream","En la app",active,"7 días tras clic o 1 día tras visualización",6555,actions:link_click,125559,1.150033,26.16301419,1800,Diario,171498.557986,2026-08-31,2024-08-12,144397,1187.687819,6555,,26.163014,4.539568,6875,4.761179,24.945245,1246,137.639292,,
2025-08-25,2026-08-25,"PO - Argentina - Profesión: Arquitectos y Constructores",Facebook,Marketplace,Computadora,active,"7 días tras clic o 1 día tras visualización",,,3,1,,1800,Diario,0.179995,2026-08-31,2024-08-12,3,59.998474,,,,,0,0,0,,,,
2025-08-25,2026-08-25,"PO - Argentina - Profesión: Arquitectos y Constructores",Facebook,Marketplace,"En la app",active,"7 días tras clic o 1 día tras visualización",1099,actions:link_click,18526,1.786084,20.74339415,1800,Diario,22796.990165,2026-08-31,2024-08-12,33089,688.95978,1099,,20.743394,3.321345,1124,3.396899,20.28202,587,38.83644,,
2025-08-25,2026-08-25,"PO - Argentina - Profesión: Arquitectos y Constructores",Facebook,"Resultados de búsqueda","En la app",active,"7 días tras clic o 1 día tras visualización",22,actions:link_click,909,1.088009,20.33902814,1800,Diario,447.458619,2026-08-31,2024-08-12,989,452.435409,22,,20.339028,2.224469,23,2.325581,19.454723,14,31.96133,,
2025-08-25,2026-08-25,"PO - Argentina - Profesión: Arquitectos y Constructores",Facebook,"Feed: feeds de video","En la app",active,"7 días tras clic o 1 día tras visualización",,,16,1,,1800,Diario,3.9499,2026-08-31,2024-08-12,16,246.868721,,,,,0,0,0,,,,
2025-08-25,2026-08-25,"PO - Argentina - Profesión: Arquitectos y Constructores",Instagram,Feed,"En la app",active,"7 días tras clic o 1 día tras visualización",135,actions:link_click,1969,1.198578,25.34683679,1800,Diario,3421.822967,2026-08-31,2024-08-12,2360,1449.924986,135,,25.346837,5.720339,142,6.016949,24.097345,33,103.691605,,
2025-08-25,2026-08-25,"PO - Argentina - Profesión: Arquitectos y Constructores",Instagram,Feed,"Web móvil",active,"7 días tras clic o 1 día tras visualización",,,1,1,,1800,Diario,0.579985,2026-08-31,2024-08-12,1,579.985248,,,,,0,0,0,,,,
2025-08-25,2026-08-25,"PO - Argentina - Profesión: Arquitectos y Constructores",Instagram,Explorar,"En la app",active,"7 días tras clic o 1 día tras visualización",,,22,1,,1800,Diario,12.659678,2026-08-31,2024-08-12,22,575.439909,,,,,0,0,0,,,,
2025-08-25,2026-08-25,"PO - Argentina - Profesión: Arquitectos y Constructores",Instagram,"Instagram Reels","En la app",active,"7 días tras clic o 1 día tras visualización",99,actions:link_click,1039,1.198268,24.0814077,1800,Diario,2384.059362,2026-08-31,2024-08-12,1245,1914.907118,99,,24.081408,7.951807,102,8.192771,23.373131,78,30.564864,,
2025-08-25,2026-08-25,"PO - Argentina - Profesión: Arquitectos y Constructores",Instagram,"Resultados de búsqueda de Instagram","En la app",active,"7 días tras clic o 1 día tras visualización",,,1,1,,1800,Diario,0.309992,2026-08-31,2024-08-12,1,309.992115,,,,,0,0,0,,,,
2025-08-25,2026-08-25,"PO - Argentina - Profesión: Arquitectos y Constructores",Instagram,"Instagram Stories",Computadora,active,"7 días tras clic o 1 día tras visualización",,,3,1,,1800,Diario,1.149971,2026-08-31,2024-08-12,3,383.323584,,,,,0,0,0,,,,
2025-08-25,2026-08-25,"PO - Argentina - Profesión: Arquitectos y Constructores",Instagram,"Instagram Stories","En la app",active,"7 días tras clic o 1 día tras visualización",3,actions:link_click,141,1.070922,98.76415463,1800,Diario,296.292464,2026-08-31,2024-08-12,151,1962.201748,3,,98.764155,1.986755,5,3.311258,59.258493,2,148.146232,,
2025-08-25,2026-08-25,"PO - Argentina - Profesión: Arquitectos y Constructores",Instagram,"Instagram Stories","Web móvil",active,"7 días tras clic o 1 día tras visualización",,,7,1,,1800,Diario,0.39999,2026-08-31,2024-08-12,7,57.141404,,,,,0,0,0,,,,
2025-08-25,2026-08-25,"PO - Argentina - Profesión: Arquitectos y Constructores",Messenger,"Messenger Stories","En la app",active,"7 días tras clic o 1 día tras visualización",,,76,1,,1800,Diario,7.269815,2026-08-31,2024-08-12,76,95.655462,,,,,0,0,0,,,,
2025-08-25,2026-08-25,"PO - Argentina - Profesión: Arquitectos y Constructores","Sin categoría","Sin categoría","Sin categoría",active,"7 días tras clic o 1 día tras visualización",,,0,0,,1800,Diario,0,2026-08-31,2024-08-12,0,0,,,,,1,0,0,8,0,,
2025-08-25,2026-08-25,"PO - Argentina - Interés: Construcción + Aluminio","Audience Network","Nativo, banner e intersticial",Computadora,active,"7 días tras clic o 1 día tras visualización",20,actions:link_click,272,1.183824,35.89877092,1800,Diario,717.975418,2026-08-31,2024-08-12,322,2229.737324,20,,35.898771,6.21118,15,4.658385,47.865028,3,239.325139,,
2025-08-25,2026-08-25,"PO - Argentina - Interés: Construcción + Aluminio","Audience Network","Nativo, banner e intersticial","En la app",active,"7 días tras clic o 1 día tras visualización",1477,actions:link_click,27324,1.449458,35.535128,1800,Diario,52485.384062,2026-08-31,2024-08-12,39605,1325.221161,1477,,35.535128,3.729327,1456,3.676304,36.047654,229,229.193817,,
2025-08-25,2026-08-25,"PO - Argentina - Interés: Construcción + Aluminio","Audience Network","Video con premio",Computadora,active,"7 días tras clic o 1 día tras visualización",40,actions:link_click,801,1.322097,25.19673827,1800,Diario,1007.869531,2026-08-31,2024-08-12,1059,951.71816,40,,25.196738,3.777148,40,3.777148,25.196738,9,111.985503,,
2025-08-25,2026-08-25,"PO - Argentina - Interés: Construcción + Aluminio","Audience Network","Video con premio","En la app",active,"7 días tras clic o 1 día tras visualización",750,actions:link_click,16559,1.766471,46.73747746,1800,Diario,35053.108098,2026-08-31,2024-08-12,29251,1198.355889,750,,46.737477,2.564015,736,2.516153,47.626506,182,192.599495,,
2025-08-25,2026-08-25,"PO - Argentina - Interés: Construcción + Aluminio",Facebook,"Sección ""Explorar negocios""","En la app",active,"7 días tras clic o 1 día tras visualización",,,1,2,,1800,Diario,0.089998,2026-08-31,2024-08-12,2,44.999086,,,,,0,0,0,,,,
2025-08-25,2026-08-25,"PO - Argentina - Interés: Construcción + Aluminio",Facebook,"Notificaciones de Facebook","En la app",active,"7 días tras clic o 1 día tras visualización",,,3,1,,1800,Diario,3.639926,2026-08-31,2024-08-12,3,1213.308692,,,,,0,0,0,,,,
2025-08-25,2026-08-25,"PO - Argentina - Interés: Construcción + Aluminio",Facebook,"Feed del perfil de Facebook","En la app",active,"7 días tras clic o 1 día tras visualización",5,actions:link_click,365,1.030137,28.12942871,1800,Diario,140.647144,2026-08-31,2024-08-12,376,374.061552,5,,28.129429,1.329787,6,1.595745,23.441191,,,,
2025-08-25,2026-08-25,"PO - Argentina - Interés: Construcción + Aluminio",Facebook,"Facebook Reels","En la app",active,"7 días tras clic o 1 día tras visualización",3847,actions:link_click,330266,1.5456,33.53737971,1800,Diario,129018.299737,2026-08-31,2024-08-12,510459,252.749584,3847,,33.53738,0.753635,6187,1.212046,20.853127,1313,98.262224,,
2025-08-25,2026-08-25,"PO - Argentina - Interés: Construcción + Aluminio",Facebook,"Facebook Reels","Web móvil",active,"7 días tras clic o 1 día tras visualización",,,2,1,,1800,Diario,0.089998,2026-08-31,2024-08-12,2,44.999086,,,,,0,0,0,,,,
2025-08-25,2026-08-25,"PO - Argentina - Interés: Construcción + Aluminio",Facebook,"Anuncios en Facebook Reels","En la app",active,"7 días tras clic o 1 día tras visualización",341,actions:link_click,32429,1,33.2334013,1800,Diario,11332.589844,2026-08-31,2024-08-12,32429,349.458505,341,,33.233401,1.051528,340,1.048444,33.331147,18,629.588325,,
2025-08-25,2026-08-25,"PO - Argentina - Interés: Construcción + Aluminio",Facebook,"Facebook Stories","En la app",active,"7 días tras clic o 1 día tras visualización",235,actions:link_click,7095,1.195631,36.38470786,1800,Diario,8550.406348,2026-08-31,2024-08-12,8483,1007.946051,235,,36.384708,2.770246,238,2.805611,35.926077,55,155.461934,,
2025-08-25,2026-08-25,"PO - Argentina - Interés: Construcción + Aluminio",Facebook,Feed,Computadora,active,"7 días tras clic o 1 día tras visualización",1,actions:link_click,9,1.333333,27.86943399,1800,Diario,27.869434,2026-08-31,2024-08-12,12,2322.452833,1,,27.869434,8.333333,4,33.333333,6.967359,,,,
2025-08-25,2026-08-25,"PO - Argentina - Interés: Construcción + Aluminio",Facebook,Feed,"En la app",active,"7 días tras clic o 1 día tras visualización",2924,actions:link_click,86157,1.496454,35.77423925,1800,Diario,104603.875576,2026-08-31,2024-08-12,128930,811.323009,2924,,35.774239,2.267897,4408,3.418909,23.730462,561,186.459671,,
2025-08-25,2026-08-25,"PO - Argentina - Interés: Construcción + Aluminio",Facebook,Feed,"Web móvil",active,"7 días tras clic o 1 día tras visualización",,,4,1.75,,1800,Diario,10.179793,2026-08-31,2024-08-12,7,1454.256179,,,,,0,0,0,,,,
2025-08-25,2026-08-25,"PO - Argentina - Interés: Construcción + Aluminio",Facebook,"Reels instream",Computadora,active,"7 días tras clic o 1 día tras visualización",9,actions:link_click,166,1.078313,25.86280808,1800,Diario,232.765273,2026-08-31,2024-08-12,179,1300.364652,9,,25.862808,5.027933,9,5.027933,25.862808,2,116.382636,,
2025-08-25,2026-08-25,"PO - Argentina - Interés: Construcción + Aluminio",Facebook,"Reels instream","En la app",active,"7 días tras clic o 1 día tras visualización",7970,actions:link_click,174058,1.25692,29.24278251,1800,Diario,233064.976629,2026-08-31,2024-08-12,218777,1065.308404,7970,,29.242783,3.642979,8166,3.732568,28.540898,1791,130.131199,,
2025-08-25,2026-08-25,"PO - Argentina - Interés: Construcción + Aluminio",Facebook,Marketplace,Computadora,active,"7 días tras clic o 1 día tras visualización",,,4,1.5,,1800,Diario,1.079978,2026-08-31,2024-08-12,6,179.996344,,,,,0,0,0,,,,
2025-08-25,2026-08-25,"PO - Argentina - Interés: Construcción + Aluminio",Facebook,Marketplace,"En la app",active,"7 días tras clic o 1 día tras visualización",307,actions:link_click,11965,1.618805,34.47320867,1800,Diario,10583.275062,2026-08-31,2024-08-12,19369,546.40276,307,,34.473209,1.585007,312,1.610821,33.920753,104,101.76226,,
2025-08-25,2026-08-25,"PO - Argentina - Interés: Construcción + Aluminio",Facebook,"Resultados de búsqueda",Computadora,active,"7 días tras clic o 1 día tras visualización",,,3,1,,1800,Diario,0.239995,2026-08-31,2024-08-12,3,79.998375,,,,,0,0,0,,,,
2025-08-25,2026-08-25,"PO - Argentina - Interés: Construcción + Aluminio",Facebook,"Resultados de búsqueda","En la app",active,"7 días tras clic o 1 día tras visualización",21,actions:link_click,1739,1.094307,30.56937916,1800,Diario,641.956962,2026-08-31,2024-08-12,1903,337.339444,21,,30.569379,1.103521,21,1.103521,30.569379,6,106.992827,,
2025-08-25,2026-08-25,"PO - Argentina - Interés: Construcción + Aluminio",Facebook,"Feed: feeds de video","En la app",active,"7 días tras clic o 1 día tras visualización",2,actions:link_click,41,1.121951,6.36987063,1800,Diario,12.739741,2026-08-31,2024-08-12,46,276.950897,2,,6.369871,4.347826,2,4.347826,6.369871,,,,
2025-08-25,2026-08-25,"PO - Argentina - Interés: Construcción + Aluminio",Instagram,Feed,Computadora,active,"7 días tras clic o 1 día tras visualización",,,1,1,,1800,Diario,0.059999,2026-08-31,2024-08-12,1,59.998781,,,,,0,0,0,,,,
2025-08-25,2026-08-25,"PO - Argentina - Interés: Construcción + Aluminio",Instagram,Feed,"En la app",active,"7 días tras clic o 1 día tras visualización",134,actions:link_click,3076,1.204486,34.44303183,1800,Diario,4615.366265,2026-08-31,2024-08-12,3705,1245.712892,134,,34.443032,3.616734,150,4.048583,30.769108,45,102.563695,,
2025-08-25,2026-08-25,"PO - Argentina - Interés: Construcción + Aluminio",Instagram,Explorar,"En la app",active,"7 días tras clic o 1 día tras visualización",2,actions:link_click,109,1.036697,48.04902416,1800,Diario,96.098048,2026-08-31,2024-08-12,113,850.425206,2,,48.049024,1.769912,3,2.654867,32.032683,1,96.098048,,
2025-08-25,2026-08-25,"PO - Argentina - Interés: Construcción + Aluminio",Instagram,"Inicio de la sección ""Explorar""","En la app",active,"7 días tras clic o 1 día tras visualización",,,1,1,,1800,Diario,0.01,2026-08-31,2024-08-12,1,9.999797,,,,,0,0,0,,,,
2025-08-25,2026-08-25,"PO - Argentina - Interés: Construcción + Aluminio",Instagram,"Instagram Reels","En la app",active,"7 días tras clic o 1 día tras visualización",74,actions:link_click,2395,1.164092,43.9719448,1800,Diario,3253.923915,2026-08-31,2024-08-12,2788,1167.117617,74,,43.971945,2.654232,81,2.905308,40.1719,50,65.078478,,
2025-08-25,2026-08-25,"PO - Argentina - Interés: Construcción + Aluminio",Instagram,"Instagram Stories",Computadora,active,"7 días tras clic o 1 día tras visualización",,,7,1.285714,,1800,Diario,4.889901,2026-08-31,2024-08-12,9,543.322299,,,,,0,0,0,,,,
2025-08-25,2026-08-25,"PO - Argentina - Interés: Construcción + Aluminio",Instagram,"Instagram Stories","En la app",active,"7 días tras clic o 1 día tras visualización",10,actions:link_click,412,1.228155,69.34459166,1800,Diario,693.445917,2026-08-31,2024-08-12,506,1370.446476,10,,69.344592,1.976285,14,2.766798,49.531851,4,173.361479,,
2025-08-25,2026-08-25,"PO - Argentina - Interés: Construcción + Aluminio",Instagram,"Instagram Stories","Web móvil",active,"7 días tras clic o 1 día tras visualización",,,17,1,,1800,Diario,3.849922,2026-08-31,2024-08-12,17,226.465989,,,,,0,0,0,,,,
2025-08-25,2026-08-25,"PO - Argentina - Interés: Construcción + Aluminio",Messenger,"Messenger Stories","En la app",active,"7 días tras clic o 1 día tras visualización",,,108,1,,1800,Diario,16.069674,2026-08-31,2024-08-12,108,148.793274,,,,,0,0,0,,,,
2025-08-25,2026-08-25,"PO - Argentina - Interés: Construcción + Aluminio",Threads,"Feed de Threads","En la app",active,"7 días tras clic o 1 día tras visualización",,,49,1.530612,,1800,Diario,59.258797,2026-08-31,2024-08-12,75,790.117287,,,,,0,0,0,,,,
2025-08-25,2026-08-25,"PO - Argentina - Interés: Construcción + Aluminio","Sin categoría","Sin categoría","Sin categoría",active,"7 días tras clic o 1 día tras visualización",,,0,0,,1800,Diario,0,2026-08-31,2024-08-12,0,0,,,,,1,0,0,2,0,,
2025-08-25,2026-08-25,"PO - Argentina - Interés: Construcción + Aluminio",WhatsApp,Estado,"En la app",active,"7 días tras clic o 1 día tras visualización",29,actions:link_click,2976,1.026882,35.6310005,1800,Diario,1033.299014,2026-08-31,2024-08-12,3056,338.121405,29,,35.631001,0.948953,29,0.948953,35.631001,,,,
2025-08-25,2026-08-25,"PMKT - Remarketing - Sitio Web + Insta + Face",Facebook,"Sección ""Explorar negocios""","En la app",active,"7 días tras clic o 1 día tras visualización",1,estimated_ad_recallers,1,1,0.01999917,2500,Diario,0.019999,2026-08-31,2024-08-13,1,19.999172,,,,,0,0,0,,,,
2025-08-25,2026-08-25,"PMKT - Remarketing - Sitio Web + Insta + Face",Facebook,"Feed del perfil de Facebook","En la app",active,"7 días tras clic o 1 día tras visualización",50,estimated_ad_recallers,1420,1.201408,7.76147874,2500,Diario,388.073937,2026-08-31,2024-08-13,1706,227.47593,,,,,6,0.3517,64.67899,,,,
2025-08-25,2026-08-25,"PMKT - Remarketing - Sitio Web + Insta + Face",Facebook,"Facebook Reels","En la app",active,"7 días tras clic o 1 día tras visualización",850,estimated_ad_recallers,14883,1.650877,6.52273002,2500,Diario,5544.320514,2026-08-31,2024-08-13,24570,225.654071,14,,396.022894,0.05698,44,0.17908,126.007284,1,5544.320514,,
2025-08-25,2026-08-25,"PMKT - Remarketing - Sitio Web + Insta + Face",Facebook,"Anuncios en Facebook Reels","En la app",active,"7 días tras clic o 1 día tras visualización",,,2,1,,2500,Diario,1.049957,2026-08-31,2024-08-13,2,524.978271,,,,,0,0,0,,,,
2025-08-25,2026-08-25,"PMKT - Remarketing - Sitio Web + Insta + Face",Facebook,"Facebook Stories","En la app",active,"7 días tras clic o 1 día tras visualización",30,estimated_ad_recallers,854,1.183841,7.82567609,2500,Diario,234.770283,2026-08-31,2024-08-13,1011,232.215908,1,,234.770283,0.098912,2,0.197824,117.385141,,,,
2025-08-25,2026-08-25,"PMKT - Remarketing - Sitio Web + Insta + Face",Facebook,Feed,Computadora,active,"7 días tras clic o 1 día tras visualización",20,estimated_ad_recallers,650,1.413846,7.93917139,2500,Diario,158.783428,2026-08-31,2024-08-13,919,172.778485,,,,,1,0.108814,158.783428,,,,
2025-08-25,2026-08-25,"PMKT - Remarketing - Sitio Web + Insta + Face",Facebook,Feed,"En la app",active,"7 días tras clic o 1 día tras visualización",1460,estimated_ad_recallers,33311,1.680346,9.32051147,2500,Diario,13607.946752,2026-08-31,2024-08-13,55974,243.111923,71,,191.661222,0.126845,213,0.380534,63.887074,12,1133.995563,,
2025-08-25,2026-08-25,"PMKT - Remarketing - Sitio Web + Insta + Face",Facebook,Feed,"Web móvil",active,"7 días tras clic o 1 día tras visualización",20,estimated_ad_recallers,272,1.400735,4.15082819,2500,Diario,83.016564,2026-08-31,2024-08-13,381,217.891244,1,,83.016564,0.262467,1,0.262467,83.016564,,,,
2025-08-25,2026-08-25,"PMKT - Remarketing - Sitio Web + Insta + Face",Facebook,"Reels instream","En la app",active,"7 días tras clic o 1 día tras visualización",1,estimated_ad_recallers,3,1.333333,0.94996068,2500,Diario,0.949961,2026-08-31,2024-08-13,4,237.49017,,,,,0,0,0,,,,
2025-08-25,2026-08-25,"PMKT - Remarketing - Sitio Web + Insta + Face",Facebook,Marketplace,Computadora,active,"7 días tras clic o 1 día tras visualización",20,estimated_ad_recallers,642,1.94081,14.0514184,2500,Diario,281.028368,2026-08-31,2024-08-13,1246,225.544437,,,,,0,0,0,,,,
2025-08-25,2026-08-25,"PMKT - Remarketing - Sitio Web + Insta + Face",Facebook,Marketplace,"En la app",active,"7 días tras clic o 1 día tras visualización",400,estimated_ad_recallers,8973,1.296779,4.7643778,2500,Diario,1905.751119,2026-08-31,2024-08-13,11636,163.780605,13,,146.59624,0.111722,15,0.12891,127.050075,3,635.250373,,
2025-08-25,2026-08-25,"PMKT - Remarketing - Sitio Web + Insta + Face",Facebook,"Resultados de búsqueda",Computadora,active,"7 días tras clic o 1 día tras visualización",1,estimated_ad_recallers,49,1.183673,12.94946401,2500,Diario,12.949464,2026-08-31,2024-08-13,58,223.266621,,,,,0,0,0,,,,
2025-08-25,2026-08-25,"PMKT - Remarketing - Sitio Web + Insta + Face",Facebook,"Resultados de búsqueda","En la app",active,"7 días tras clic o 1 día tras visualización",20,estimated_ad_recallers,348,1.068966,2.17391002,2500,Diario,43.4782,2026-08-31,2024-08-13,372,116.876883,,,,,0,0,0,,,,
2025-08-25,2026-08-25,"PMKT - Remarketing - Sitio Web + Insta + Face",Facebook,"Feed: feeds de video","En la app",active,"7 días tras clic o 1 día tras visualización",1,estimated_ad_recallers,24,1.041667,6.35973676,2500,Diario,6.359737,2026-08-31,2024-08-13,25,254.389471,,,,,0,0,0,,,,
2025-08-25,2026-08-25,"PMKT - Remarketing - Sitio Web + Insta + Face",Instagram,Feed,Computadora,active,"7 días tras clic o 1 día tras visualización",310,estimated_ad_recallers,8309,2.105067,15.57029101,2500,Diario,4826.790214,2026-08-31,2024-08-13,17491,275.958505,,,,,1,0.005717,4826.790214,,,,
2025-08-25,2026-08-25,"PMKT - Remarketing - Sitio Web + Insta + Face",Instagram,Feed,"En la app",active,"7 días tras clic o 1 día tras visualización",3390,estimated_ad_recallers,28993,1.576484,3.29681044,2500,Diario,11176.187405,2026-08-31,2024-08-13,45707,244.51807,26,,429.853362,0.056884,43,0.094077,259.911335,2,5588.093703,,
2025-08-25,2026-08-25,"PMKT - Remarketing - Sitio Web + Insta + Face",Instagram,Feed,"Web móvil",active,"7 días tras clic o 1 día tras visualización",10,estimated_ad_recallers,130,1.138462,2.39490087,2500,Diario,23.949009,2026-08-31,2024-08-13,148,161.817627,,,,,0,0,0,,,,
2025-08-25,2026-08-25,"PMKT - Remarketing - Sitio Web + Insta + Face",Instagram,Explorar,"En la app",active,"7 días tras clic o 1 día tras visualización",140,estimated_ad_recallers,773,1.341527,1.69750117,2500,Diario,237.650163,2026-08-31,2024-08-13,1037,229.170842,,,,,0,0,0,,,,
2025-08-25,2026-08-25,"PMKT - Remarketing - Sitio Web + Insta + Face",Instagram,"Inicio de la sección ""Explorar""","En la app",active,"7 días tras clic o 1 día tras visualización",870,estimated_ad_recallers,5210,1.166987,1.12765447,2500,Diario,981.059393,2026-08-31,2024-08-13,6080,161.358453,,,,,0,0,0,,,,
2025-08-25,2026-08-25,"PMKT - Remarketing - Sitio Web + Insta + Face",Instagram,"Instagram Reels","En la app",active,"7 días tras clic o 1 día tras visualización",38000,estimated_ad_recallers,352395,3.217384,8.13570194,2500,Diario,309156.673658,2026-08-31,2024-08-13,1133790,272.675428,259,,1193.655111,0.022844,771,0.068002,400.981418,62,4986.397962,,
2025-08-25,2026-08-25,"PMKT - Remarketing - Sitio Web + Insta + Face",Instagram,"Resultados de búsqueda de Instagram","En la app",active,"7 días tras clic o 1 día tras visualización",1,estimated_ad_recallers,35,1,2.75988577,2500,Diario,2.759886,2026-08-31,2024-08-13,35,78.853879,,,,,1,2.857143,2.759886,,,,
2025-08-25,2026-08-25,"PMKT - Remarketing - Sitio Web + Insta + Face",Instagram,"Instagram Stories",Computadora,active,"7 días tras clic o 1 día tras visualización",40,estimated_ad_recallers,495,1.19596,2.15966061,2500,Diario,86.386424,2026-08-31,2024-08-13,592,145.923014,,,,,0,0,0,,,,
2025-08-25,2026-08-25,"PMKT - Remarketing - Sitio Web + Insta + Face",Instagram,"Instagram Stories","En la app",active,"7 días tras clic o 1 día tras visualización",43900,estimated_ad_recallers,486970,3.732982,11.11332998,2500,Diario,487875.186298,2026-08-31,2024-08-13,1817850,268.380332,1239,,393.765284,0.068157,1592,0.087576,306.454263,208,2345.55378,,
2025-08-25,2026-08-25,"PMKT - Remarketing - Sitio Web + Insta + Face",Instagram,"Instagram Stories","Web móvil",active,"7 días tras clic o 1 día tras visualización",20,estimated_ad_recallers,195,1.015385,0.27248872,2500,Diario,5.449774,2026-08-31,2024-08-13,198,27.524113,,,,,0,0,0,,,,
2025-08-25,2026-08-25,"PMKT - Remarketing - Sitio Web + Insta + Face",Messenger,"Messenger Stories","En la app",active,"7 días tras clic o 1 día tras visualización",20,estimated_ad_recallers,391,1,0.61047473,2500,Diario,12.209495,2026-08-31,2024-08-13,391,31.226329,1,,12.209495,0.255754,1,0.255754,12.209495,1,12.209495,,
2025-08-25,2026-08-25,"PO - Argentina - Interés: Diseño de Interiores + Aluminio",Facebook,"Facebook Reels","En la app",active,"1 día tras clic",307,total_profile_visits,17646,1.397711,98.07929119,2800,Diario,30110.342395,2026-08-31,2025-06-06,24664,1220.821537,191,,157.645772,0.774408,501,2.031301,60.100484,1,30110.342395,,
2025-08-25,2026-08-25,"PO - Argentina - Interés: Diseño de Interiores + Aluminio",Facebook,"Facebook Stories","En la app",active,"1 día tras clic",929,total_profile_visits,31304,1.258274,54.72725062,2800,Diario,50841.61583,2026-08-31,2025-06-06,39389,1290.756704,485,,104.828074,1.231308,624,1.584199,81.476948,1,50841.61583,,
2025-08-25,2026-08-25,"PO - Argentina - Interés: Diseño de Interiores + Aluminio",Facebook,Feed,Computadora,active,"1 día tras clic",,,1,1,,2800,Diario,0.560021,2026-08-31,2025-06-06,1,560.021433,,,,,0,0,0,,,,
2025-08-25,2026-08-25,"PO - Argentina - Interés: Diseño de Interiores + Aluminio",Facebook,Feed,"En la app",active,"1 día tras clic",415,total_profile_visits,40571,1.648049,205.09717486,2800,Diario,85115.327567,2026-08-31,2025-06-06,66863,1272.980985,194,,438.738802,0.290146,1716,2.566442,49.601007,2,42557.663783,,
2025-08-25,2026-08-25,"PO - Argentina - Interés: Diseño de Interiores + Aluminio",Instagram,Feed,"En la app",active,"1 día tras clic",2199,total_profile_visits,91589,1.539126,89.41098905,2800,Diario,196614.764916,2026-08-31,2025-06-06,140967,1394.757389,2056,,95.629749,1.458497,2011,1.426575,97.769649,45,4369.216998,,
2025-08-25,2026-08-25,"PO - Argentina - Interés: Diseño de Interiores + Aluminio",Instagram,Explorar,"En la app",active,"1 día tras clic",19,total_profile_visits,1036,1.264479,70.99850676,2800,Diario,1348.971628,2026-08-31,2025-06-06,1310,1029.749335,17,,79.351272,1.29771,17,1.29771,79.351272,2,674.485814,,
2025-08-25,2026-08-25,"PO - Argentina - Interés: Diseño de Interiores + Aluminio",Instagram,"Inicio de la sección ""Explorar""","En la app",active,"1 día tras clic",15,total_profile_visits,1056,1.241477,28.64042947,2800,Diario,429.606442,2026-08-31,2025-06-06,1311,327.693701,10,,42.960644,0.762777,9,0.686499,47.734049,,,,
2025-08-25,2026-08-25,"PO - Argentina - Interés: Diseño de Interiores + Aluminio",Instagram,"Instagram Reels","En la app",active,"1 día tras clic",1287,total_profile_visits,67577,1.59319,99.89010897,2800,Diario,128558.570243,2026-08-31,2025-06-06,107663,1194.083113,1226,,104.860171,1.138738,1197,1.111803,107.400643,39,3296.373596,,
2025-08-25,2026-08-25,"PO - Argentina - Interés: Diseño de Interiores + Aluminio",Instagram,"Instagram Stories","En la app",active,"1 día tras clic",3481,total_profile_visits,172823,1.578812,86.70185319,2800,Diario,301809.150957,2026-08-31,2025-06-06,272855,1106.115523,3428,,88.042343,1.256345,3334,1.221894,90.52464,58,5203.606051,,
2025-08-25,2026-08-25,"PO - Argentina - Interés: Construcción + Aluminio",Facebook,"Facebook Reels","En la app",active,"1 día tras clic",375,total_profile_visits,19075,1.346737,79.83441986,2800,Diario,29937.907446,2026-08-31,2025-06-06,25689,1165.397931,223,,134.250706,0.868076,523,2.035891,57.242653,3,9979.302482,,
2025-08-25,2026-08-25,"PO - Argentina - Interés: Construcción + Aluminio",Facebook,"Facebook Stories","En la app",active,"1 día tras clic",998,total_profile_visits,35870,1.223474,54.56173389,2800,Diario,54452.610421,2026-08-31,2025-06-06,43886,1240.774061,523,,104.11589,1.191724,670,1.526683,81.272553,2,27226.30521,,
2025-08-25,2026-08-25,"PO - Argentina - Interés: Construcción + Aluminio",Facebook,Feed,"En la app",active,"1 día tras clic",421,total_profile_visits,40035,1.640515,202.19259765,2800,Diario,85123.083612,2026-08-31,2025-06-06,65678,1296.066927,201,,423.497928,0.306039,1731,2.635586,49.175669,1,85123.083612,,
2025-08-25,2026-08-25,"PO - Argentina - Interés: Construcción + Aluminio",Instagram,Feed,"En la app",active,"1 día tras clic",2092,total_profile_visits,92524,1.494791,91.77059476,2800,Diario,191984.084231,2026-08-31,2025-06-06,138304,1388.131104,1990,,96.474414,1.438859,1949,1.409214,98.503891,40,4799.602106,,
2025-08-25,2026-08-25,"PO - Argentina - Interés: Construcción + Aluminio",Instagram,Explorar,"En la app",active,"1 día tras clic",17,total_profile_visits,956,1.26569,69.74687811,2800,Diario,1185.696928,2026-08-31,2025-06-06,1210,979.914816,19,,62.405101,1.570248,17,1.404959,69.746878,1,1185.696928,,
2025-08-25,2026-08-25,"PO - Argentina - Interés: Construcción + Aluminio",Instagram,"Inicio de la sección ""Explorar""","En la app",active,"1 día tras clic",2,total_profile_visits,854,1.238876,186.39137306,2800,Diario,372.782746,2026-08-31,2025-06-06,1058,352.346641,2,,186.391373,0.189036,2,0.189036,186.391373,,,,
2025-08-25,2026-08-25,"PO - Argentina - Interés: Construcción + Aluminio",Instagram,"Instagram Reels","En la app",active,"1 día tras clic",1414,total_profile_visits,74425,1.504078,96.52280354,2800,Diario,136483.244208,2026-08-31,2025-06-06,111941,1219.242674,1331,,102.541881,1.189019,1317,1.176513,103.631924,16,8530.202763,,
2025-08-25,2026-08-25,"PO - Argentina - Interés: Construcción + Aluminio",Instagram,"Instagram Stories","En la app",active,"1 día tras clic",3322,total_profile_visits,151853,1.649378,88.79052089,2800,Diario,294962.110408,2026-08-31,2025-06-06,250463,1177.667402,3259,,90.506938,1.30119,3159,1.261264,93.371988,78,3781.565518,,
2025-08-25,2026-08-25,"PO - Argentina - Profesión: Arquitectos y Constructores",Facebook,"Facebook Reels","En la app",active,"1 día tras clic",564,total_profile_visits,19475,1.459101,72.60828343,2800,Diario,40951.071856,2026-08-31,2025-06-06,28416,1441.127247,315,,130.003403,1.10853,878,3.089809,46.641312,3,13650.357285,,
2025-08-25,2026-08-25,"PO - Argentina - Profesión: Arquitectos y Constructores",Facebook,"Facebook Stories","En la app",active,"1 día tras clic",1444,total_profile_visits,33769,1.261423,50.94012055,2800,Diario,73557.534079,2026-08-31,2025-06-06,42597,1726.824285,809,,90.924022,1.899195,997,2.34054,73.778871,2,36778.76704,,
2025-08-25,2026-08-25,"PO - Argentina - Profesión: Arquitectos y Constructores",Facebook,Feed,Computadora,active,"1 día tras clic",,,1,1,,2800,Diario,0.319978,2026-08-31,2025-06-06,1,319.977746,,,,,0,0,0,,,,
2025-08-25,2026-08-25,"PO - Argentina - Profesión: Arquitectos y Constructores",Facebook,Feed,"En la app",active,"1 día tras clic",626,total_profile_visits,29242,1.838007,168.08115342,2800,Diario,105218.80204,2026-08-31,2025-06-06,53747,1957.668373,254,,414.247252,0.472585,2644,4.919344,39.795311,2,52609.40102,,
2025-08-25,2026-08-25,"PO - Argentina - Profesión: Arquitectos y Constructores",Instagram,Feed,"En la app",active,"1 día tras clic",2399,total_profile_visits,96245,1.52624,83.1762076,2800,Diario,199539.722028,2026-08-31,2025-06-06,146893,1358.401844,2261,,88.252862,1.539216,2213,1.506539,90.167068,74,2696.48273,,
2025-08-25,2026-08-25,"PO - Argentina - Profesión: Arquitectos y Constructores",Instagram,Explorar,"En la app",active,"1 día tras clic",15,total_profile_visits,979,1.27477,70.14712127,2800,Diario,1052.206819,2026-08-31,2025-06-06,1248,843.114438,12,,87.683902,0.961538,11,0.88141,95.655165,1,1052.206819,,
2025-08-25,2026-08-25,"PO - Argentina - Profesión: Arquitectos y Constructores",Instagram,"Inicio de la sección ""Explorar""","En la app",active,"1 día tras clic",12,total_profile_visits,852,1.164319,29.53794564,2800,Diario,354.455348,2026-08-31,2025-06-06,992,357.313859,10,,35.445535,1.008065,10,1.008065,35.445535,1,354.455348,,
2025-08-25,2026-08-25,"PO - Argentina - Profesión: Arquitectos y Constructores",Instagram,"Instagram Reels","En la app",active,"1 día tras clic",1867,total_profile_visits,81993,1.723611,85.67184549,2800,Diario,159949.335536,2026-08-31,2025-06-06,141324,1131.791738,1764,,90.674226,1.248196,1718,1.215646,93.102058,66,2423.474781,,
2025-08-25,2026-08-25,"PO - Argentina - Profesión: Arquitectos y Constructores",Instagram,"Instagram Stories","En la app",active,"1 día tras clic",3748,total_profile_visits,136512,1.691888,80.47141763,2800,Diario,301606.873265,2026-08-31,2025-06-06,230963,1305.866625,3666,,82.271378,1.587267,3554,1.538775,84.864061,91,3314.361245,,
