"Inicio del informe","Fin del informe","Nombre del anuncio","Entrega del anuncio","Configuración de atribución",Alcance,Frecuencia,"Presupuesto del conjunto de anuncios","Tipo de presupuesto del conjunto de anuncios",Finalización,"Clasificación de calidad","Clasificación del porcentaje de interacción","Clasificación del porcentaje de conversiones",Impresiones,"CPM (costo por mil impresiones) (ARS)","Clics en el enlace",shop_clicks,"CPC (costo por clic en el enlace) (ARS)","CTR (porcentaje de clics en el enlace)","Clics (todos)","CTR (todos)","CPC (todos) (ARS)","Visitas a la página de destino","Costo por visita a la página de destino (ARS)","Reproducciones de video",ThruPlays,"Tiempo promedio de reproducción del video"
2025-08-25,2026-08-25,"Anuncio - Reel IG - La Respuesta está en el Aire",inactive,"7 días tras clic o 1 día tras visualización",203649,2.804463,2500,Diario,2026-08-31,-,-,-,571126,256.100037,233,,627.748455,0.040797,432,0.07564,338.577292,61,2397.793279,539436,1696,0
2025-08-25,2026-08-25,"Anuncio - Reel IG - La Respuesta está en el Aire",inactive,"7 días tras clic o 1 día tras visualización",20663,1.238736,1800,Diario,2026-08-31,-,-,-,25596,842.473433,645,,33.432481,2.519925,687,2.684013,31.388574,230,93.756304,13604,2616,5
2025-08-25,2026-08-25,"Anuncio - Reel IG - La Respuesta está en el Aire",inactive,"7 días tras clic o 1 día tras visualización",10753,1.257696,1800,Diario,2026-08-31,-,-,-,13524,478.843537,229,,28.278952,1.693286,268,1.981662,24.163731,103,62.872621,11610,710,2
2025-08-25,2026-08-25,"Anuncio - Reel IG - La Respuesta está en el Aire",inactive,"7 días tras clic o 1 día tras visualización",239500,1.25367,3000,Diario,2026-08-31,-,-,-,300254,213.670326,149,,430.572953,0.049625,352,0.117234,182.259574,58,1106.127069,266569,1431,1
2025-08-25,2026-08-25,"Anuncio - Reel IG - La Respuesta está en el Aire",inactive,"7 días tras clic o 1 día tras visualización",218736,1.161359,3000,Diario,2026-08-31,-,-,-,254031,205.148781,106,,491.642925,0.041727,242,0.095264,215.347727,37,1408.490541,226433,1184,1
2025-08-25,2026-08-25,"Anuncio - Reel IG - La Respuesta está en el Aire",inactive,"7 días tras clic o 1 día tras visualización",51713,4.298397,1501,Diario,2026-08-31,-,-,-,222283,662.102995,144,,1022.043333,0.064782,409,0.184,359.839218,50,2943.4848,192464,1937,1
2025-08-25,2026-08-25,"Anuncio - Reel IG - Pensar en el futuro",inactive,"7 días tras clic o 1 día tras visualización",32310,4.479666,1501,Diario,2026-08-31,-,-,-,144738,668.756926,128,,756.207344,0.088436,374,0.258398,258.80893,51,1897.932157,124118,1496,2
2025-08-25,2026-08-25,"Anuncio - Reel IG - Pensar en el futuro",inactive,"7 días tras clic o 1 día tras visualización",788676,1.589388,3000,Diario,2026-08-31,-,-,-,1253512,191.782871,631,,380.985943,0.050339,2895,0.230951,83.040459,201,1196.030498,1085194,8592,1
2025-08-25,2026-08-25,"Anuncio - Reel IG - Pensar en el futuro",inactive,"7 días tras clic o 1 día tras visualización",876352,1.599992,3000,Diario,2026-08-31,-,-,-,1402156,196.742024,699,,394.653805,0.049852,2651,0.189066,104.059981,200,1379.31505,1224575,9099,1
2025-08-25,2026-08-25,"Anuncio - Reel IG - Pensar en el futuro",inactive,"7 días tras clic o 1 día tras visualización",369654,1.555189,1800,Diario,2026-08-31,-,-,-,574882,327.076374,5480,,34.312102,0.953239,7999,1.391416,23.506728,1737,108.25004,499968,13287,3
2025-08-25,2026-08-25,"Anuncio - Reel IG - Pensar en el futuro",inactive,"7 días tras clic o 1 día tras visualización",226349,1.926794,1800,Diario,2026-08-31,-,-,-,436128,523.965281,10894,,20.976311,2.497891,14676,3.365067,15.570723,5681,40.224596,396395,19946,4
2025-08-25,2026-08-25,"Anuncio - Reel IG - Pensar en el futuro",inactive,"7 días tras clic o 1 día tras visualización",395511,1.583622,1800,Diario,2026-08-31,-,-,-,626340,295.88262,5675,,32.656056,0.906057,8219,1.312227,22.548135,1763,105.118049,511377,13411,3
2025-08-25,2026-08-25,"Anuncio - Reel IG - Aluminio Argentino para el Mundo",inactive,"7 días tras clic o 1 día tras visualización",439354,3.309737,2500,Diario,2026-08-31,-,-,-,1454146,266.450528,750,,516.610627,0.051577,1231,0.084655,314.750585,135,2870.059037,1373565,4114,0
2025-08-25,2026-08-25,"Anuncio - Reel IG - Aluminio Argentino para el Mundo",inactive,"7 días tras clic o 1 día tras visualización",28156,8.692854,1501,Diario,2026-08-31,-,-,-,244756,831.464193,221,,920.84095,0.090294,700,0.285999,290.722643,74,2750.079054,213745,2762,2
2025-08-25,2026-08-25,"Anuncio - Reel IG - Aluminio Argentino para el Mundo",inactive,"7 días tras clic o 1 día tras visualización",1140447,1.77868,3000,Diario,2026-08-31,-,-,-,2028490,239.785096,1298,,374.731641,0.063988,3459,0.170521,140.619159,356,1366.296826,1765721,11752,1
2025-08-25,2026-08-25,"Anuncio - Reel IG - Aluminio Argentino para el Mundo",inactive,"7 días tras clic o 1 día tras visualización",141875,1.314199,1800,Diario,2026-08-31,-,-,-,186452,1125.017431,6705,,31.284377,3.5961,7341,3.937206,28.574002,2018,103.945367,165651,31744,5
2025-08-25,2026-08-25,"Anuncio - Reel IG - Aluminio Argentino para el Mundo",inactive,"7 días tras clic o 1 día tras visualización",147354,1.705193,1800,Diario,2026-08-31,-,-,-,251267,1013.141877,9790,,26.002974,3.896254,12968,5.161044,19.630561,4688,54.302287,233612,24859,5
2025-08-25,2026-08-25,"Anuncio - Reel IG - Aluminio Argentino para el Mundo",inactive,"7 días tras clic o 1 día tras visualización",147358,1.314737,1800,Diario,2026-08-31,-,-,-,193737,1080.442817,6625,,31.595736,3.419584,7310,3.773156,28.634986,1873,111.757475,171661,31576,5
2025-08-25,2026-08-25,"Anuncio - Reel IG - Pensar en el futuro",inactive,"1 día tras clic",62708,1.607737,2800,Diario,2026-08-31,-,-,-,100818,1247.719852,1515,,83.031432,1.502708,1624,1.610823,77.45851,16,7862.03875,89563,1735,2
2025-08-25,2026-08-25,"Anuncio - Reel IG - La Respuesta está en el Aire",inactive,"1 día tras clic",45669,1.71219,2800,Diario,2026-08-31,-,-,-,78194,1114.944625,805,,108.300596,1.029491,837,1.070415,104.160072,47,1854.935745,66549,920,1
2025-08-25,2026-08-25,"Anuncio - Reel IG - Aluminio Argentino para el Mundo",inactive,"1 día tras clic",175523,1.617742,2800,Diario,2026-08-31,-,-,-,283951,1291.555268,2674,,137.149742,0.941712,3819,1.34495,96.029958,63,5821.244603,259066,5192,2
2025-08-25,2026-08-25,"Anuncio - Reel IG - Pensar en el futuro",inactive,"1 día tras clic",50473,1.593922,2800,Diario,2026-08-31,-,-,-,80450,1753.600622,1560,,90.434083,1.939093,1946,2.418894,72.495976,26,5426.045,72222,1751,2
2025-08-25,2026-08-25,"Anuncio - Reel IG - Aluminio Argentino para el Mundo",inactive,"1 día tras clic",139342,1.741255,2800,Diario,2026-08-31,-,-,-,242630,1529.340395,2847,,130.33504,1.173392,4680,1.928863,79.28715,70,5300.912286,220284,5697,2
2025-08-25,2026-08-25,"Anuncio - Reel IG - Pensar en el futuro",inactive,"1 día tras clic",62978,1.541062,2800,Diario,2026-08-31,-,-,-,97053,1406.208463,1606,,84.979296,1.654766,1693,1.744408,80.612374,16,8529.796875,86545,1674,2
2025-08-25,2026-08-25,"Anuncio - Reel IG - Aluminio Argentino para el Mundo",inactive,"1 día tras clic",152702,1.585808,2800,Diario,2026-08-31,-,-,-,242156,1333.666769,2224,,145.213763,0.918416,3334,1.376798,96.86725,34,9498.688529,221474,4436,2
2025-08-25,2026-08-25,"Anuncio - Reel IG - La Respuesta está en el Aire",inactive,"7 días tras clic o 1 día tras visualización",27668,1.118151,1800,Diario,2026-08-31,-,-,-,30937,788.782041,778,,31.365746,2.514788,844,2.728125,28.912974,297,82.163468,20761,3089,4
2025-08-25,2026-08-25,"Anuncio - Reel IG - Pensar en el futuro",inactive,"7 días tras clic o 1 día tras visualización",120510,1.89371,2500,Diario,2026-08-31,-,-,-,228211,244.922725,134,,417.119851,0.058718,253,0.110862,220.925138,40,1397.3515,213581,828,1
2025-08-25,2026-08-25,"Anuncio - Reel IG - Aluminio Argentino para el Mundo",inactive,"7 días tras clic o 1 día tras visualización",1064644,1.794359,3000,Diario,2026-08-31,-,-,-,1910354,241.410079,1181,,390.498484,0.061821,2800,0.14657,164.706682,275,1677.013491,1689122,10468,1
2025-08-25,2026-08-25,"Anuncio - Reel IG - La Respuesta está en el Aire",inactive,"1 día tras clic",66898,2.13105,2800,Diario,2026-08-31,-,-,-,142563,1087.73665,1715,,90.420408,1.202977,1882,1.320118,82.396918,117,1325.393162,121209,1798,2
2025-08-25,2026-08-25,"Anuncio - Reel IG - La Respuesta está en el Aire",inactive,"1 día tras clic",56881,1.800408,2800,Diario,2026-08-31,-,-,-,102409,1169.862512,1110,,107.931937,1.083889,1176,1.148337,101.874532,59,2030.583898,88257,1267,2
2025-08-25,2026-08-25,"Anuncio - Reel IG - Junio 2026 - Ya empieza el mundial 2026",inactive,"1 día tras clic",101529,1.386796,2800,Diario,2026-08-31,Promedio,-,-,140800,1089.97706,1841,,83.361635,1.307528,2247,1.595881,68.299408,25,6138.7508,132405,4682,2
2025-08-25,2026-08-25,"Anuncio - Reel IG - Junio 2026 - Ya empieza el mundial 2026",inactive,"1 día tras clic",98253,1.41557,2800,Diario,2026-08-31,Promedio,-,-,139084,1100.475252,1854,,82.555825,1.333007,2232,1.604786,68.574597,15,10203.9,130808,4712,2
2025-08-25,2026-08-25,"Anuncio - Reel IG - Junio 2026 - Ya empieza el mundial 2026",inactive,"1 día tras clic",96357,1.356342,2800,Diario,2026-08-31,Promedio,-,-,130693,1170.794304,2059,,74.315017,1.575448,2463,1.884569,62.125302,20,7650.731,123447,4802,2
2025-08-25,2026-08-25,"Anuncio Video  - Junio 2026 - Ya empieza el mundial 2026",inactive,"7 días tras clic o 1 día tras visualización",216709,2.323586,2500,Diario,2026-08-31,"Por encima del promedio",-,-,503542,273.005251,361,,380.802244,0.071692,519,0.10307,264.874008,22,6248.618636,480334,2465,0
2025-08-25,2026-08-25,"Anuncio - Reel IG - Junio 2026 - Ya empieza el mundial 2026",inactive,"7 días tras clic o 1 día tras visualización",17670,4.206169,1501,Diario,2026-08-31,"Por encima del promedio",-,-,74323,1092.941216,68,,1194.568676,0.091493,173,0.232768,469.541445,7,11604.381429,69160,1287,1
2025-08-25,2026-08-25,"Anuncio - Reel IG - Junio 2026 - Ya empieza el mundial 2026",inactive,"7 días tras clic o 1 día tras visualización",478445,1.503824,3000,Diario,2026-08-31,"Por encima del promedio",-,-,719497,258.432711,379,,490.610976,0.052676,792,0.110077,234.774697,19,9786.397895,647096,6599,1
2025-08-25,2026-08-25,"Anuncio - Reel IG - Junio 2026 - Ya empieza el mundial 2026",inactive,"7 días tras clic o 1 día tras visualización",490227,1.45125,3000,Diario,2026-08-31,"Por encima del promedio",-,-,711442,264.322714,444,,423.536667,0.062408,1041,0.146323,180.643881,28,6716.081429,619562,7045,1
2025-08-25,2026-08-25,"Anuncio Video  - Reel - Junio 2026 - Ya empieza el mundial 2026",inactive,"7 días tras clic o 1 día tras visualización",98993,1.141576,1800,Diario,2026-08-31,"Por encima del promedio","Por debajo del promedio - 35% de los anuncios menos relevantes",Promedio,113008,870.213171,3711,,26.499879,3.283838,4206,3.72186,23.381134,211,466.071327,94656,20441,4
2025-08-25,2026-08-25,"Anuncio Video  - Reel - Junio 2026 - Ya empieza el mundial 2026",inactive,"7 días tras clic o 1 día tras visualización",110865,1.129635,1800,Diario,2026-08-31,"Por encima del promedio","Por debajo del promedio - 35% de los anuncios menos relevantes",Promedio,125237,783.525076,3180,,30.857336,2.539186,3724,2.973562,26.349713,118,831.579068,99003,19953,3
2025-08-25,2026-08-25,"Anuncio Video  - Reel - Junio 2026 - Ya empieza el mundial 2026",inactive,"7 días tras clic o 1 día tras visualización",112597,1.152766,1800,Diario,2026-08-31,"Por encima del promedio","Por debajo del promedio - 35% de los anuncios menos relevantes",Promedio,129798,757.253656,3069,,32.026722,2.364443,3674,2.830552,26.752861,116,847.327672,97875,19438,3
2025-08-25,2026-08-25,"Anuncio - Reel IG - Agosto 2026 - Crecer es invertir en el país",inactive,"1 día tras clic",4064,1.0844,2800,Diario,2026-08-31,Promedio,-,-,4407,1501.792603,97,,68.230928,2.201044,131,2.972544,50.522137,,,4247,311,4
2025-08-25,2026-08-25,"Anuncio - Reel IG - Agosto 2026 - Crecer es invertir en el país",inactive,"1 día tras clic",3524,1.052781,2800,Diario,2026-08-31,Promedio,-,-,3710,1783.22372,103,,64.23068,2.77628,139,3.746631,47.595396,,,3562,311,4
2025-08-25,2026-08-25,"Anuncio - Reel IG - Agosto 2026 - Crecer es invertir en el país",inactive,"1 día tras clic",4564,1.038563,2800,Diario,2026-08-31,Promedio,-,-,4740,1376.704641,114,,57.24193,2.405063,148,3.122363,44.091757,1,6525.58,4556,305,3
2025-08-25,2026-08-25,"Anuncio - Reel IG - Agosto 2026 - Crecer es invertir en el país",inactive,"7 días tras clic o 1 día tras visualización",18920,1.167548,2500,Diario,2026-08-31,"Por encima del promedio",-,-,22090,219.362155,14,,346.122143,0.063377,19,0.086012,255.037368,,,21280,71,0
2025-08-25,2026-08-25,"Anuncio - Reel IG - Agosto 2026 - Crecer es invertir en el país",inactive,"7 días tras clic o 1 día tras visualización",29885,1.029112,3000,Diario,2026-08-31,"Por encima del promedio",-,-,30755,169.055438,28,,185.689286,0.091042,58,0.188587,89.643103,,,28057,253,1
2025-08-25,2026-08-25,"Anuncio - Reel IG - Agosto 2026 - Crecer es invertir en el país",inactive,"7 días tras clic o 1 día tras visualización",31078,1,3000,Diario,2026-08-31,"Por encima del promedio",-,-,31078,172.049681,23,,232.476522,0.074007,46,0.148015,116.238261,,,27907,227,1
2025-08-25,2026-08-25,"Anuncio - Reel IG - Agosto 2026 - Crecer es invertir en el país",inactive,"7 días tras clic o 1 día tras visualización",2315,1.035853,1501,Diario,2026-08-31,-,-,-,2398,960.266889,7,,328.96,0.29191,17,0.708924,135.454118,,,2247,47,2
2025-08-25,2026-08-25,"Anuncio Video  - Reel - Agosto 2026 - Crecer es invertir en el país",inactive,"7 días tras clic o 1 día tras visualización",5125,1.078829,1800,Diario,2026-08-31,"Por encima del promedio",Promedio,"Por encima del promedio",5529,671.497558,162,,22.917963,2.930005,266,4.810997,13.957556,2,1856.355,4737,485,5
2025-08-25,2026-08-25,"Anuncio Video  - Reel - Agosto 2026 - Crecer es invertir en el país",inactive,"7 días tras clic o 1 día tras visualización",5615,1,1800,Diario,2026-08-31,Promedio,"Por debajo del promedio - 35% de los anuncios menos relevantes","Por encima del promedio",5615,656.325913,139,,26.512734,2.475512,185,3.294746,19.920378,,,4695,399,4
2025-08-25,2026-08-25,"Anuncio Video  - Reel - Agosto 2026 - Crecer es invertir en el país",inactive,"7 días tras clic o 1 día tras visualización",6307,1.037894,1800,Diario,2026-08-31,Promedio,"Por debajo del promedio - 35% de los anuncios menos relevantes","Por encima del promedio",6546,611.764436,137,,29.23073,2.092881,179,2.734494,22.372123,,,5434,359,4
2025-08-25,2026-08-25,"Anuncio Video Institucional",inactive,"7 días tras clic o 1 día tras visualización",0,0,1501,Diario,2026-08-31,-,-,-,0,0,,,,,0,0,0,,,,,00:00:00
2025-08-25,2026-08-25,"Anuncio Video Institucional",inactive,"7 días tras clic o 1 día tras visualización",0,0,3000,Diario,2026-08-31,-,-,-,0,0,,,,,0,0,0,,,,,00:00:00
2025-08-25,2026-08-25,"Anuncio Video Institucional",inactive,"7 días tras clic o 1 día tras visualización",0,0,3000,Diario,2026-08-31,-,-,-,0,0,,,,,0,0,0,,,,,00:00:00
2025-08-25,2026-08-25,"Anuncio Video Institucional",inactive,"7 días tras clic o 1 día tras visualización",0,0,1800,Diario,2026-08-31,-,-,-,0,0,,,,,0,0,0,,,,,00:00:00
2025-08-25,2026-08-25,"Anuncio Video Institucional",inactive,"7 días tras clic o 1 día tras visualización",0,0,1800,Diario,2026-08-31,-,-,-,0,0,,,,,0,0,0,,,,,00:00:00
2025-08-25,2026-08-25,"Anuncio Video Institucional",inactive,"7 días tras clic o 1 día tras visualización",0,0,1800,Diario,2026-08-31,-,-,-,0,0,,,,,0,0,0,,,,,00:00:00
2025-08-25,2026-08-25,"Anuncio Video Institucional",inactive,"7 días tras clic o 1 día tras visualización",0,0,2500,Diario,2026-08-31,-,-,-,0,0,,,,,0,0,0,,,,,00:00:00
2025-08-25,2026-08-25,"Anuncio Video  - Mayo 2026 - Nuestra trayectoria está basada en hechos.",inactive,"7 días tras clic o 1 día tras visualización",138290,1.242635,3000,Diario,2026-08-31,-,-,-,171844,296.46086,108,,471.713148,0.062848,226,0.131515,225.420442,28,1819.465,153459,1965,1
2025-08-25,2026-08-25,"Anuncio Video  - Mayo 2026 - Nuestra trayectoria está basada en hechos.",inactive,"7 días tras clic o 1 día tras visualización",135740,1.251923,3000,Diario,2026-08-31,-,-,-,169936,304.333985,110,,470.157273,0.06473,251,0.147703,206.04502,23,2248.578261,152293,2163,1
2025-08-25,2026-08-25,"Anuncio Video  - Mayo 2026 - Nuestra trayectoria está basada en hechos.",inactive,"7 días tras clic o 1 día tras visualización",15776,2.125887,1501,Diario,2026-08-31,-,-,-,33538,978.384817,29,,1131.485172,0.086469,90,0.268352,364.589667,14,2343.790714,29888,668,2
2025-08-25,2026-08-25,"Anuncio Video  - Mayo 2026 - Nuestra trayectoria está basada en hechos.",inactive,"7 días tras clic o 1 día tras visualización",96533,1.80329,2500,Diario,2026-08-31,-,-,-,174077,314.405005,133,,411.508872,0.076403,186,0.106849,294.250968,31,1765.505806,167695,782,0
2025-08-25,2026-08-25,"Anuncio - Video - Mayo 2026 - Nuestra trayectoria está basada en hechos.",inactive,"7 días tras clic o 1 día tras visualización",24702,1.532629,1800,Diario,2026-08-31,-,-,-,37859,1057.912518,1003,,39.931715,2.649304,1027,2.712697,38.998549,269,148.890372,34200,18382,7
2025-08-25,2026-08-25,"Anuncio - Video - Mayo 2026 - Nuestra trayectoria está basada en hechos.",inactive,"7 días tras clic o 1 día tras visualización",24095,1.536294,1800,Diario,2026-08-31,-,-,-,37017,1078.888889,995,,40.13792,2.687954,1018,2.750088,39.231071,250,159.74892,33354,17837,7
2025-08-25,2026-08-25,"Anuncio - Video - Mayo 2026 - Nuestra trayectoria está basada en hechos.",inactive,"7 días tras clic o 1 día tras visualización",25696,1.526308,1800,Diario,2026-08-31,-,-,-,39220,1016.486741,963,,41.398349,2.45538,984,2.508924,40.514848,294,135.600714,36387,21733,7
2025-08-25,2026-08-25,"Anuncio - Video por atrás - Agosto 2026 - Crecer es invertir en el país - Copia",active,"1 día tras clic",40611,1.195957,2800,Diario,2026-08-31,Promedio,-,-,48569,1141.448249,662,,83.744713,1.363009,766,1.577138,72.374674,7,7919.857143,46587,1478,2
2025-08-25,2026-08-25,"Anuncio - Video por atrás - Agosto 2026 - Crecer es invertir en el país",active,"1 día tras clic",37856,1.218829,2800,Diario,2026-08-31,Promedio,-,-,46140,1201.015605,807,,68.667732,1.749025,915,1.983095,60.562689,7,7916.408571,44439,1581,2
2025-08-25,2026-08-25,"Anuncio - Video por atrás - Agosto 2026 - Crecer es invertir en el país",active,"1 día tras clic",41561,1.228965,2800,Diario,2026-08-31,Promedio,-,-,51077,1082.334906,653,,84.659142,1.278462,770,1.507528,71.795351,6,9213.736667,48971,1488,2
2025-08-25,2026-08-25,"Anuncio Video  - Video por Atras - Agosto 2026 - Crecer es invertir en el país - Copia",active,"7 días tras clic o 1 día tras visualización",33702,1.228414,1800,Diario,2026-08-31,"Por encima del promedio","Por debajo del promedio - 35% de los anuncios menos relevantes",Promedio,41400,866.727536,1157,,31.013414,2.794686,1305,3.152174,27.496184,5,7176.504,34970,4640,3
2025-08-25,2026-08-25,"Anuncio Video  - Video por Atras - Agosto 2026 - Crecer es invertir en el país",active,"7 días tras clic o 1 día tras visualización",34716,1.238737,1800,Diario,2026-08-31,"Por encima del promedio","Por debajo del promedio - 35% de los anuncios menos relevantes",Promedio,43004,835.368803,1079,,33.293976,2.509069,1230,2.860199,29.206667,6,5987.366667,36026,4812,3
2025-08-25,2026-08-25,"Anuncio Video  - Video por Atras - Agosto 2026 - Crecer es invertir en el país",active,"7 días tras clic o 1 día tras visualización",33630,1.231044,1800,Diario,2026-08-31,"Por encima del promedio","Por debajo del promedio - 35% de los anuncios menos relevantes",Promedio,41400,862.741304,1210,,29.518587,2.922705,1461,3.528986,24.44729,5,7143.498,36989,4968,4
2025-08-25,2026-08-25,"Anuncio - Video por atras - Agosto 2026 - Crecer es invertir en el país",active,"7 días tras clic o 1 día tras visualización",99581,1.687481,2500,Diario,2026-08-31,"Por encima del promedio",-,-,168041,297.501027,,,,,51,0.03035,980.242549,,,161996,971,0
2025-08-25,2026-08-25,"Anuncio - Video por atras - Agosto 2026 - Crecer es invertir en el país",active,"7 días tras clic o 1 día tras visualización",14615,1.829627,1501,Diario,2026-08-31,"Por encima del promedio",-,-,26740,1138.168661,1,,30434.63,0.00374,55,0.205684,553.356909,,,24821,543,2
2025-08-25,2026-08-25,"Anuncio - Video por atras - Agosto 2026 - Crecer es invertir en el país",active,"7 días tras clic o 1 día tras visualización",225792,1.168536,3000,Diario,2026-08-31,"Por encima del promedio",-,-,263846,230.406298,,,,,224,0.084898,271.391875,,,239983,2856,1
2025-08-25,2026-08-25,"Anuncio - Video por atras - Agosto 2026 - Crecer es invertir en el país",active,"7 días tras clic o 1 día tras visualización",224053,1.163176,3000,Diario,2026-08-31,"Por encima del promedio",-,-,260613,233.242969,,,,,278,0.106672,218.655216,,,234911,2835,1
