"Inicio del informe","Fin del informe","Nombre de la campaña",Edad,Sexo,"Entrega de la campaña","Configuración de atribución",Resultados,"Indicador de resultado",Alcance,Frecuencia,"Costo por resultados","Presupuesto del conjunto de anuncios","Tipo de presupuesto del conjunto de anuncios","Importe gastado (ARS)",Finalización,Impresiones,"CPM (costo por mil impresiones) (ARS)","Clics en el enlace",shop_clicks,"CPC (costo por clic en el enlace) (ARS)","CTR (porcentaje de clics en el enlace)","Clics (todos)","CTR (todos)","CPC (todos) (ARS)","Visitas a la página de destino","Costo por visita a la página de destino (ARS)",Objetivo,"Resultados (iniciales)","Indicador de resultados (iniciales)"
2025-08-25,2026-08-25,"PMKT - AO - ARG - Alcance - PO General",18-24,female,active,"7 días tras clic o 1 día tras visualización",4075,reach,4075,1.919264,955.92638037,"Con el presupuesto del conjunto de anuncios",0,3895.4,2026-08-31,7821,498.069301,6,,649.233333,0.076717,11,0.140647,354.127273,3,1298.466667,Reconocimiento,,
2025-08-25,2026-08-25,"PMKT - AO - ARG - Alcance - PO General",18-24,male,active,"7 días tras clic o 1 día tras visualización",6287,reach,6287,2.600127,1409.96977891,"Con el presupuesto del conjunto de anuncios",0,8864.48,2026-08-31,16347,542.26953,6,,1477.413333,0.036704,18,0.110112,492.471111,2,4432.24,Reconocimiento,,
2025-08-25,2026-08-25,"PMKT - AO - ARG - Alcance - PO General",18-24,unknown,active,"7 días tras clic o 1 día tras visualización",61,reach,61,1.508197,653.93442623,"Con el presupuesto del conjunto de anuncios",0,39.89,2026-08-31,92,433.586957,,,,,0,0,0,,,Reconocimiento,,
2025-08-25,2026-08-25,"PMKT - AO - ARG - Alcance - PO General",25-34,female,active,"7 días tras clic o 1 día tras visualización",469553,reach,469553,3.023852,741.68432531,"Con el presupuesto del conjunto de anuncios",0,348260.1,2026-08-31,1419859,245.277947,887,,392.626945,0.062471,1952,0.137478,178.411936,238,1463.277731,Reconocimiento,,
2025-08-25,2026-08-25,"PMKT - AO - ARG - Alcance - PO General",25-34,male,active,"7 días tras clic o 1 día tras visualización",828256,reach,828256,3.921802,1015.62490341,"Con el presupuesto del conjunto de anuncios",0,841197.42,2026-08-31,3248256,258.968942,2168,,388.00619,0.066744,4706,0.144878,178.749983,528,1593.176932,Reconocimiento,,
2025-08-25,2026-08-25,"PMKT - AO - ARG - Alcance - PO General",25-34,unknown,active,"7 días tras clic o 1 día tras visualización",6583,reach,6583,2.731126,707.77153274,"Con el presupuesto del conjunto de anuncios",0,4659.26,2026-08-31,17979,259.15012,12,,388.271667,0.066745,35,0.194672,133.121714,5,931.852,Reconocimiento,,
2025-08-25,2026-08-25,"PMKT - AO - ARG - Alcance - PO General",35-44,female,active,"7 días tras clic o 1 día tras visualización",304569,reach,304569,2.772551,727.97195381,"Con el presupuesto del conjunto de anuncios",0,221717.69,2026-08-31,844433,262.563981,374,,592.828048,0.04429,1314,0.155607,168.734924,73,3037.22863,Reconocimiento,,
2025-08-25,2026-08-25,"PMKT - AO - ARG - Alcance - PO General",35-44,male,active,"7 días tras clic o 1 día tras visualización",603683,reach,603683,3.807508,1106.21811447,"Con el presupuesto del conjunto de anuncios",0,667805.07,2026-08-31,2298528,290.535973,1191,,560.709547,0.051816,4126,0.179506,161.852901,291,2294.862784,Reconocimiento,,
2025-08-25,2026-08-25,"PMKT - AO - ARG - Alcance - PO General",35-44,unknown,active,"7 días tras clic o 1 día tras visualización",5175,reach,5175,2.720773,780.15458937,"Con el presupuesto del conjunto de anuncios",0,4037.3,2026-08-31,14080,286.740057,11,,367.027273,0.078125,24,0.170455,168.220833,4,1009.325,Reconocimiento,,
2025-08-25,2026-08-25,"PMKT - AO - ARG - Alcance - PO General",45-54,female,active,"7 días tras clic o 1 día tras visualización",216494,reach,216494,2.813048,722.00601402,"Con el presupuesto del conjunto de anuncios",0,156309.97,2026-08-31,609008,256.663246,295,,529.864305,0.048439,1173,0.192608,133.256581,70,2232.999571,Reconocimiento,,
2025-08-25,2026-08-25,"PMKT - AO - ARG - Alcance - PO General",45-54,male,active,"7 días tras clic o 1 día tras visualización",401515,reach,401515,3.771072,1036.82950824,"Con el presupuesto del conjunto de anuncios",0,416302.6,2026-08-31,1514142,274.942905,654,,636.548318,0.043193,2990,0.197472,139.231639,164,2538.430488,Reconocimiento,,
2025-08-25,2026-08-25,"PMKT - AO - ARG - Alcance - PO General",45-54,unknown,active,"7 días tras clic o 1 día tras visualización",3063,reach,3063,2.874306,763.90140385,"Con el presupuesto del conjunto de anuncios",0,2339.83,2026-08-31,8804,265.768969,2,,1169.915,0.022717,14,0.159019,167.130714,1,2339.83,Reconocimiento,,
2025-08-25,2026-08-25,"PMKT - AO - ARG - Alcance - PO General",55-64,female,active,"7 días tras clic o 1 día tras visualización",22882,reach,22882,2.819421,884.88724762,"Con el presupuesto del conjunto de anuncios",0,20247.99,2026-08-31,64514,313.854202,34,,595.529118,0.052702,165,0.255758,122.715091,6,3374.665,Reconocimiento,,
2025-08-25,2026-08-25,"PMKT - AO - ARG - Alcance - PO General",55-64,male,active,"7 días tras clic o 1 día tras visualización",44469,reach,44469,3.628483,1446.33227642,"Con el presupuesto del conjunto de anuncios",0,64316.95,2026-08-31,161355,398.605249,90,,714.632778,0.055778,467,0.289424,137.723662,24,2679.872917,Reconocimiento,,
2025-08-25,2026-08-25,"PMKT - AO - ARG - Alcance - PO General",55-64,unknown,active,"7 días tras clic o 1 día tras visualización",288,reach,288,2.958333,1190.59027778,"Con el presupuesto del conjunto de anuncios",0,342.89,2026-08-31,852,402.453052,,,,,3,0.352113,114.296667,,,Reconocimiento,,
2025-08-25,2026-08-25,"PMKT - AO - ARG - Alcance - PO General",65+,female,active,"7 días tras clic o 1 día tras visualización",2401,reach,2401,2.538942,1654.61057893,"Con el presupuesto del conjunto de anuncios",0,3972.72,2026-08-31,6096,651.692913,2,,1986.36,0.032808,17,0.278871,233.689412,1,3972.72,Reconocimiento,,
2025-08-25,2026-08-25,"PMKT - AO - ARG - Alcance - PO General",65+,male,active,"7 días tras clic o 1 día tras visualización",3708,reach,3708,6.531553,5057.51078749,"Con el presupuesto del conjunto de anuncios",0,18753.25,2026-08-31,24219,774.319749,22,,852.420455,0.090838,117,0.483092,160.284188,11,1704.840909,Reconocimiento,,
2025-08-25,2026-08-25,"PMKT - AO - ARG - Alcance - PO General",65+,unknown,active,"7 días tras clic o 1 día tras visualización",28,reach,28,3.428571,1957.5,"Con el presupuesto del conjunto de anuncios",0,54.81,2026-08-31,96,570.9375,,,,,1,1.041667,54.81,,,Reconocimiento,,
2025-08-25,2026-08-25,"PMKT - AO - ARG - Alcance - PO General",Unknown,female,active,"7 días tras clic o 1 día tras visualización",8,reach,8,1,228.75,"Con el presupuesto del conjunto de anuncios",0,1.83,2026-08-31,8,228.75,,,,,0,0,0,,,Reconocimiento,,
2025-08-25,2026-08-25,"PMKT - AO - ARG - Alcance - PO General",Unknown,male,active,"7 días tras clic o 1 día tras visualización",25,reach,25,1,215.6,"Con el presupuesto del conjunto de anuncios",0,5.39,2026-08-31,25,215.6,,,,,0,0,0,,,Reconocimiento,,
2025-08-25,2026-08-25,"PMKT - AO - ARG - Tráfico - PO General",18-24,female,active,"7 días tras clic o 1 día tras visualización",99,actions:link_click,4744,1.775717,30.14020202,"Con el presupuesto del conjunto de anuncios",0,2983.88,2026-08-31,8424,354.211776,99,,30.140202,1.175214,118,1.40076,25.287119,19,157.046316,Tráfico,,
2025-08-25,2026-08-25,"PMKT - AO - ARG - Tráfico - PO General",18-24,male,active,"7 días tras clic o 1 día tras visualización",122,actions:link_click,5796,1.631988,27.09368852,"Con el presupuesto del conjunto de anuncios",0,3305.43,2026-08-31,9459,349.448145,122,,27.093689,1.289777,153,1.617507,21.604118,22,150.246818,Tráfico,,
2025-08-25,2026-08-25,"PMKT - AO - ARG - Tráfico - PO General",18-24,unknown,active,"7 días tras clic o 1 día tras visualización",3,actions:link_click,61,1.52459,25.98666667,"Con el presupuesto del conjunto de anuncios",0,77.96,2026-08-31,93,838.27957,3,,25.986667,3.225806,2,2.150538,38.98,,,Tráfico,,
2025-08-25,2026-08-25,"PMKT - AO - ARG - Tráfico - PO General",25-34,female,active,"7 días tras clic o 1 día tras visualización",3517,actions:link_click,125537,1.883572,34.69482229,"Con el presupuesto del conjunto de anuncios",0,122021.69,2026-08-31,236458,516.039593,3517,,34.694822,1.487368,4533,1.917042,26.918529,871,140.093789,Tráfico,,
2025-08-25,2026-08-25,"PMKT - AO - ARG - Tráfico - PO General",25-34,male,active,"7 días tras clic o 1 día tras visualización",3586,actions:link_click,166674,1.814944,33.70827384,"Con el presupuesto del conjunto de anuncios",0,120877.87,2026-08-31,302504,399.590981,3586,,33.708274,1.185439,4737,1.56593,25.517811,758,159.469485,Tráfico,,
2025-08-25,2026-08-25,"PMKT - AO - ARG - Tráfico - PO General",25-34,unknown,active,"7 días tras clic o 1 día tras visualización",54,actions:link_click,1541,1.886437,36.74296296,"Con el presupuesto del conjunto de anuncios",0,1984.12,2026-08-31,2907,682.53182,54,,36.742963,1.857585,77,2.648779,25.767792,14,141.722857,Tráfico,,
2025-08-25,2026-08-25,"PMKT - AO - ARG - Tráfico - PO General",35-44,female,active,"7 días tras clic o 1 día tras visualización",4123,actions:link_click,138251,1.825954,34.12747271,"Con el presupuesto del conjunto de anuncios",0,140707.57,2026-08-31,252440,557.390152,4123,,34.127473,1.633259,5038,1.995722,27.929252,956,147.183651,Tráfico,,
2025-08-25,2026-08-25,"PMKT - AO - ARG - Tráfico - PO General",35-44,male,active,"7 días tras clic o 1 día tras visualización",4907,actions:link_click,186684,1.792864,31.21437946,"Con el presupuesto del conjunto de anuncios",0,153168.96,2026-08-31,334699,457.631962,4907,,31.214379,1.466093,6297,1.881392,24.324116,970,157.906144,Tráfico,,
2025-08-25,2026-08-25,"PMKT - AO - ARG - Tráfico - PO General",35-44,unknown,active,"7 días tras clic o 1 día tras visualización",34,actions:link_click,1331,1.629602,41.00029412,"Con el presupuesto del conjunto de anuncios",0,1394.01,2026-08-31,2169,642.697095,34,,41.000294,1.567543,43,1.98248,32.418837,5,278.802,Tráfico,,
2025-08-25,2026-08-25,"PMKT - AO - ARG - Tráfico - PO General",45-54,female,active,"7 días tras clic o 1 día tras visualización",9806,actions:link_click,219792,2.051394,31.93693351,"Con el presupuesto del conjunto de anuncios",0,313173.57,2026-08-31,450880,694.582971,9806,,31.936934,2.174858,11491,2.548572,27.253813,2487,125.924234,Tráfico,,
2025-08-25,2026-08-25,"PMKT - AO - ARG - Tráfico - PO General",45-54,male,active,"7 días tras clic o 1 día tras visualización",10143,actions:link_click,264417,2.01484,31.14694075,"Con el presupuesto del conjunto de anuncios",0,315923.42,2026-08-31,532758,592.996107,10143,,31.146941,1.903866,12152,2.280961,25.997648,2278,138.684557,Tráfico,,
2025-08-25,2026-08-25,"PMKT - AO - ARG - Tráfico - PO General",45-54,unknown,active,"7 días tras clic o 1 día tras visualización",56,actions:link_click,1578,1.612167,32.56946429,"Con el presupuesto del conjunto de anuncios",0,1823.89,2026-08-31,2544,716.937893,56,,32.569464,2.201258,65,2.555031,28.059846,18,101.327222,Tráfico,,
2025-08-25,2026-08-25,"PMKT - AO - ARG - Tráfico - PO General",55-64,female,active,"7 días tras clic o 1 día tras visualización",4269,actions:link_click,89625,1.80925,28.07535957,"Con el presupuesto del conjunto de anuncios",0,119853.71,2026-08-31,162154,739.135081,4269,,28.07536,2.632683,4998,3.082255,23.980334,1270,94.373,Tráfico,,
2025-08-25,2026-08-25,"PMKT - AO - ARG - Tráfico - PO General",55-64,male,active,"7 días tras clic o 1 día tras visualización",4283,actions:link_click,97988,1.826254,27.39800607,"Con el presupuesto del conjunto de anuncios",0,117345.66,2026-08-31,178951,655.741851,4283,,27.398006,2.393393,5222,2.918117,22.471402,1222,96.027545,Tráfico,,
2025-08-25,2026-08-25,"PMKT - AO - ARG - Tráfico - PO General",55-64,unknown,active,"7 días tras clic o 1 día tras visualización",21,actions:link_click,468,1.655983,25.60285714,"Con el presupuesto del conjunto de anuncios",0,537.66,2026-08-31,775,693.754839,21,,25.602857,2.709677,31,4,17.343871,8,67.2075,Tráfico,,
2025-08-25,2026-08-25,"PMKT - AO - ARG - Tráfico - PO General",65+,female,active,"7 días tras clic o 1 día tras visualización",10201,actions:link_click,135359,1.870219,23.31645231,"Con el presupuesto del conjunto de anuncios",0,237851.13,2026-08-31,253151,939.562277,10201,,23.316452,4.029611,13130,5.186628,18.11509,4799,49.562644,Tráfico,,
2025-08-25,2026-08-25,"PMKT - AO - ARG - Tráfico - PO General",65+,male,active,"7 días tras clic o 1 día tras visualización",8358,actions:link_click,114809,2.029606,24.81502273,"Con el presupuesto del conjunto de anuncios",0,207403.96,2026-08-31,233017,890.08081,8358,,24.815023,3.586863,11423,4.902217,18.156698,3937,52.680711,Tráfico,,
2025-08-25,2026-08-25,"PMKT - AO - ARG - Tráfico - PO General",65+,unknown,active,"7 días tras clic o 1 día tras visualización",43,actions:link_click,668,1.655689,24.72069767,"Con el presupuesto del conjunto de anuncios",0,1062.99,2026-08-31,1106,961.112116,43,,24.720698,3.887884,61,5.515371,17.426066,22,48.317727,Tráfico,,
2025-08-25,2026-08-25,"PMKT - AO - ARG - Tráfico - PO General",Unknown,unknown,active,"7 días tras clic o 1 día tras visualización",,,0,0,,"Con el presupuesto del conjunto de anuncios",0,0,2026-08-31,0,0,,,,,0,0,0,10,0,Tráfico,,
2025-08-25,2026-08-25,"PMKT - AO - ARG - Alcance - Remarketing",18-24,female,active,"7 días tras clic o 1 día tras visualización",13000,estimated_ad_recallers,175350,3.820433,13.26857462,"Con el presupuesto del conjunto de anuncios",0,172491.47,2026-08-31,669913,257.48339,329,,524.290182,0.049111,546,0.081503,315.918443,48,3593.572292,Reconocimiento,,
2025-08-25,2026-08-25,"PMKT - AO - ARG - Alcance - Remarketing",18-24,male,active,"7 días tras clic o 1 día tras visualización",9940,estimated_ad_recallers,129962,3.524846,11.79857746,"Con el presupuesto del conjunto de anuncios",0,117277.86,2026-08-31,458096,256.011535,260,,451.068692,0.056757,392,0.085572,299.178214,49,2393.425714,Reconocimiento,,
2025-08-25,2026-08-25,"PMKT - AO - ARG - Alcance - Remarketing",18-24,unknown,active,"7 días tras clic o 1 día tras visualización",140,estimated_ad_recallers,1595,2.944828,8.38707143,"Con el presupuesto del conjunto de anuncios",0,1174.19,2026-08-31,4697,249.987226,3,,391.396667,0.063871,6,0.127741,195.698333,,,Reconocimiento,,
2025-08-25,2026-08-25,"PMKT - AO - ARG - Alcance - Remarketing",25-34,female,active,"7 días tras clic o 1 día tras visualización",14000,estimated_ad_recallers,137423,4.517563,12.22177357,"Con el presupuesto del conjunto de anuncios",0,171104.83,2026-08-31,620817,275.612346,335,,510.760687,0.053961,550,0.088593,311.099691,65,2632.382,Reconocimiento,,
2025-08-25,2026-08-25,"PMKT - AO - ARG - Alcance - Remarketing",25-34,male,active,"7 días tras clic o 1 día tras visualización",17700,estimated_ad_recallers,169333,5.071711,13.28726554,"Con el presupuesto del conjunto de anuncios",0,235184.6,2026-08-31,858808,273.850034,424,,554.68066,0.049371,695,0.080926,338.395108,83,2833.549398,Reconocimiento,,
2025-08-25,2026-08-25,"PMKT - AO - ARG - Alcance - Remarketing",25-34,unknown,active,"7 días tras clic o 1 día tras visualización",120,estimated_ad_recallers,1162,3.386403,8.67475,"Con el presupuesto del conjunto de anuncios",0,1040.97,2026-08-31,3935,264.541296,2,,520.485,0.050826,3,0.076239,346.99,,,Reconocimiento,,
2025-08-25,2026-08-25,"PMKT - AO - ARG - Alcance - Remarketing",35-44,female,active,"7 días tras clic o 1 día tras visualización",4350,estimated_ad_recallers,37557,3.507016,8.47332184,"Con el presupuesto del conjunto de anuncios",0,36858.95,2026-08-31,131713,279.842916,71,,519.140141,0.053905,119,0.090348,309.739076,9,4095.438889,Reconocimiento,,
2025-08-25,2026-08-25,"PMKT - AO - ARG - Alcance - Remarketing",35-44,male,active,"7 días tras clic o 1 día tras visualización",7040,estimated_ad_recallers,58836,4.187708,9.6596875,"Con el presupuesto del conjunto de anuncios",0,68004.2,2026-08-31,246388,276.004513,138,,492.784058,0.056009,234,0.094972,290.616239,24,2833.508333,Reconocimiento,,
2025-08-25,2026-08-25,"PMKT - AO - ARG - Alcance - Remarketing",35-44,unknown,active,"7 días tras clic o 1 día tras visualización",30,estimated_ad_recallers,281,2.864769,7.042,"Con el presupuesto del conjunto de anuncios",0,211.26,2026-08-31,805,262.434783,,,,,2,0.248447,105.63,,,Reconocimiento,,
2025-08-25,2026-08-25,"PMKT - AO - ARG - Alcance - Remarketing",45-54,female,active,"7 días tras clic o 1 día tras visualización",1360,estimated_ad_recallers,11936,2.397034,5.75385294,"Con el presupuesto del conjunto de anuncios",0,7825.24,2026-08-31,28611,273.504596,15,,521.682667,0.052427,26,0.090874,300.970769,4,1956.31,Reconocimiento,,
2025-08-25,2026-08-25,"PMKT - AO - ARG - Alcance - Remarketing",45-54,male,active,"7 días tras clic o 1 día tras visualización",2570,estimated_ad_recallers,21715,2.929265,6.60880545,"Con el presupuesto del conjunto de anuncios",0,16984.63,2026-08-31,63609,267.016146,27,,629.06037,0.042447,68,0.106903,249.773971,2,8492.315,Reconocimiento,,
2025-08-25,2026-08-25,"PMKT - AO - ARG - Alcance - Remarketing",45-54,unknown,active,"7 días tras clic o 1 día tras visualización",10,estimated_ad_recallers,106,1.990566,5.323,"Con el presupuesto del conjunto de anuncios",0,53.23,2026-08-31,211,252.274882,,,,,0,0,0,,,Reconocimiento,,
2025-08-25,2026-08-25,"PMKT - AO - ARG - Alcance - Remarketing",55-64,female,active,"7 días tras clic o 1 día tras visualización",380,estimated_ad_recallers,3329,2.3076,5.22278947,"Con el presupuesto del conjunto de anuncios",0,1984.66,2026-08-31,7682,258.351992,3,,661.553333,0.039052,8,0.10414,248.0825,,,Reconocimiento,,
2025-08-25,2026-08-25,"PMKT - AO - ARG - Alcance - Remarketing",55-64,male,active,"7 días tras clic o 1 día tras visualización",680,estimated_ad_recallers,5833,2.186354,4.71455882,"Con el presupuesto del conjunto de anuncios",0,3205.9,2026-08-31,12753,251.383988,6,,534.316667,0.047048,18,0.141143,178.105556,1,3205.9,Reconocimiento,,
2025-08-25,2026-08-25,"PMKT - AO - ARG - Alcance - Remarketing",55-64,unknown,active,"7 días tras clic o 1 día tras visualización",1,estimated_ad_recallers,31,2.419355,16.79,"Con el presupuesto del conjunto de anuncios",0,16.79,2026-08-31,75,223.866667,,,,,0,0,0,,,Reconocimiento,,
2025-08-25,2026-08-25,"PMKT - AO - ARG - Alcance - Remarketing",65+,female,active,"7 días tras clic o 1 día tras visualización",280,estimated_ad_recallers,2674,2.050112,4.86485714,"Con el presupuesto del conjunto de anuncios",0,1362.16,2026-08-31,5482,248.478657,4,,340.54,0.072966,9,0.164174,151.351111,2,681.08,Reconocimiento,,
2025-08-25,2026-08-25,"PMKT - AO - ARG - Alcance - Remarketing",65+,male,active,"7 días tras clic o 1 día tras visualización",390,estimated_ad_recallers,3350,2.141493,4.47730769,"Con el presupuesto del conjunto de anuncios",0,1746.15,2026-08-31,7174,243.399777,8,,218.26875,0.111514,15,0.209088,116.41,2,873.075,Reconocimiento,,
2025-08-25,2026-08-25,"PMKT - AO - ARG - Alcance - Remarketing",65+,unknown,active,"7 días tras clic o 1 día tras visualización",10,estimated_ad_recallers,60,1.883333,2.818,"Con el presupuesto del conjunto de anuncios",0,28.18,2026-08-31,113,249.380531,,,,,0,0,0,,,Reconocimiento,,
2025-08-25,2026-08-25,"PMKT - AO - ARG - Alcance - Remarketing",Unknown,female,active,"7 días tras clic o 1 día tras visualización",20,estimated_ad_recallers,146,1.020548,2.0955,"Con el presupuesto del conjunto de anuncios",0,41.91,2026-08-31,149,281.275168,,,,,0,0,0,,,Reconocimiento,,
2025-08-25,2026-08-25,"PMKT - AO - ARG - Alcance - Remarketing",Unknown,male,active,"7 días tras clic o 1 día tras visualización",20,estimated_ad_recallers,174,1.011494,2.4905,"Con el presupuesto del conjunto de anuncios",0,49.81,2026-08-31,176,283.011364,,,,,0,0,0,,,Reconocimiento,,
2025-08-25,2026-08-25,"PMKT - AO - ARG - Seguidores de IG - PO General",18-24,female,active,"1 día tras clic",576,total_profile_visits,15664,2.937947,67.99491319,"Con el presupuesto del conjunto de anuncios",0,39165.07,2026-08-31,46020,851.044546,549,,71.338925,1.19296,542,1.177749,72.260277,35,1119.002,Tráfico,,
2025-08-25,2026-08-25,"PMKT - AO - ARG - Seguidores de IG - PO General",18-24,male,active,"1 día tras clic",1077,total_profile_visits,27340,3.012509,62.146026,"Con el presupuesto del conjunto de anuncios",0,66931.27,2026-08-31,82362,812.647459,995,,67.267608,1.208081,1020,1.238435,65.618892,37,1808.953243,Tráfico,,
2025-08-25,2026-08-25,"PMKT - AO - ARG - Seguidores de IG - PO General",18-24,unknown,active,"1 día tras clic",5,total_profile_visits,260,1.992308,114.012,"Con el presupuesto del conjunto de anuncios",0,570.06,2026-08-31,518,1100.501931,5,,114.012,0.965251,5,0.965251,114.012,,,Tráfico,,
2025-08-25,2026-08-25,"PMKT - AO - ARG - Seguidores de IG - PO General",25-34,female,active,"1 día tras clic",3788,total_profile_visits,102871,2.697855,77.57804646,"Con el presupuesto del conjunto de anuncios",0,293865.64,2026-08-31,277531,1058.856993,3436,,85.525506,1.23806,3737,1.346516,78.636778,123,2389.151545,Tráfico,,
2025-08-25,2026-08-25,"PMKT - AO - ARG - Seguidores de IG - PO General",25-34,male,active,"1 día tras clic",6218,total_profile_visits,186315,2.920527,80.46754423,"Con el presupuesto del conjunto de anuncios",0,500347.19,2026-08-31,544138,919.522603,5597,,89.395603,1.028599,6268,1.151914,79.825653,141,3548.561631,Tráfico,,
2025-08-25,2026-08-25,"PMKT - AO - ARG - Seguidores de IG - PO General",25-34,unknown,active,"1 día tras clic",56,total_profile_visits,1366,2.501464,86.84285714,"Con el presupuesto del conjunto de anuncios",0,4863.2,2026-08-31,3417,1423.236757,51,,95.356863,1.492537,56,1.638865,86.842857,,,Tráfico,,
2025-08-25,2026-08-25,"PMKT - AO - ARG - Seguidores de IG - PO General",35-44,female,active,"1 día tras clic",2876,total_profile_visits,86111,2.199359,97.51591099,"Con el presupuesto del conjunto de anuncios",0,280455.76,2026-08-31,189389,1480.845033,2593,,108.158797,1.36914,3181,1.679612,88.16591,69,4064.576232,Tráfico,,
2025-08-25,2026-08-25,"PMKT - AO - ARG - Seguidores de IG - PO General",35-44,male,active,"1 día tras clic",4301,total_profile_visits,133684,2.501466,100.55917229,"Con el presupuesto del conjunto de anuncios",0,432505,2026-08-31,334406,1293.35299,3709,,116.609598,1.109131,4801,1.43568,90.08644,48,9010.520833,Tráfico,,
2025-08-25,2026-08-25,"PMKT - AO - ARG - Seguidores de IG - PO General",35-44,unknown,active,"1 día tras clic",38,total_profile_visits,1187,2.173547,129.07236842,"Con el presupuesto del conjunto de anuncios",0,4904.75,2026-08-31,2580,1901.065891,34,,144.257353,1.317829,42,1.627907,116.779762,2,2452.375,Tráfico,,
2025-08-25,2026-08-25,"PMKT - AO - ARG - Seguidores de IG - PO General",45-54,female,active,"1 día tras clic",2475,total_profile_visits,62390,2.14895,96.8301697,"Con el presupuesto del conjunto de anuncios",0,239654.67,2026-08-31,134073,1787.493903,2125,,112.778668,1.584957,2840,2.118249,84.385447,41,5845.235854,Tráfico,,
2025-08-25,2026-08-25,"PMKT - AO - ARG - Seguidores de IG - PO General",45-54,male,active,"1 día tras clic",2950,total_profile_visits,82881,2.221909,98.54988475,"Con el presupuesto del conjunto de anuncios",0,290722.16,2026-08-31,184154,1578.690444,2413,,120.481625,1.310316,3512,1.907099,82.779658,17,17101.303529,Tráfico,,
2025-08-25,2026-08-25,"PMKT - AO - ARG - Seguidores de IG - PO General",45-54,unknown,active,"1 día tras clic",21,total_profile_visits,719,2.05146,158.88285714,"Con el presupuesto del conjunto de anuncios",0,3336.54,2026-08-31,1475,2262.061017,18,,185.363333,1.220339,34,2.305085,98.133529,,,Tráfico,,
2025-08-25,2026-08-25,"PMKT - AO - ARG - Seguidores de IG - PO General",55-64,female,active,"1 día tras clic",916,total_profile_visits,19615,1.845068,91.12898472,"Con el presupuesto del conjunto de anuncios",0,83474.15,2026-08-31,36191,2306.489182,766,,108.974086,2.116548,1112,3.072587,75.066682,11,7588.559091,Tráfico,,
2025-08-25,2026-08-25,"PMKT - AO - ARG - Seguidores de IG - PO General",55-64,male,active,"1 día tras clic",873,total_profile_visits,21831,1.98864,102.859874,"Con el presupuesto del conjunto de anuncios",0,89796.67,2026-08-31,43414,2068.380476,650,,138.148723,1.497213,1194,2.750265,75.206591,1,89796.67,Tráfico,,
2025-08-25,2026-08-25,"PMKT - AO - ARG - Seguidores de IG - PO General",55-64,unknown,active,"1 día tras clic",10,total_profile_visits,172,1.889535,88.844,"Con el presupuesto del conjunto de anuncios",0,888.44,2026-08-31,325,2733.661538,10,,88.844,3.076923,11,3.384615,80.767273,,,Tráfico,,
2025-08-25,2026-08-25,"PMKT - AO - ARG - Seguidores de IG - PO General",65+,female,active,"1 día tras clic",961,total_profile_visits,17045,1.691464,74.37058273,"Con el presupuesto del conjunto de anuncios",0,71470.13,2026-08-31,28831,2478.93344,716,,99.818617,2.483438,1199,4.158718,59.608115,2,35735.065,Tráfico,,
2025-08-25,2026-08-25,"PMKT - AO - ARG - Seguidores de IG - PO General",65+,male,active,"1 día tras clic",767,total_profile_visits,16565,1.830003,88.55645372,"Con el presupuesto del conjunto de anuncios",0,67922.8,2026-08-31,30314,2240.641288,571,,118.954116,1.883618,1234,4.070726,55.042788,2,33961.4,Tráfico,,
2025-08-25,2026-08-25,"PMKT - AO - ARG - Seguidores de IG - PO General",65+,unknown,active,"1 día tras clic",9,total_profile_visits,122,1.909836,68.63888889,"Con el presupuesto del conjunto de anuncios",0,617.75,2026-08-31,233,2651.287554,7,,88.25,3.004292,13,5.579399,47.519231,,,Tráfico,,
2025-08-25,2026-08-25,"PMKT - AO - ARG - Seguidores de IG - PO General",Unknown,female,active,"1 día tras clic",,,15,1,,"Con el presupuesto del conjunto de anuncios",0,23.83,2026-08-31,15,1588.666667,,,,,0,0,0,,,Tráfico,,
2025-08-25,2026-08-25,"PMKT - AO - ARG - Seguidores de IG - PO General",Unknown,male,active,"1 día tras clic",1,total_profile_visits,39,1.025641,46.05,"Con el presupuesto del conjunto de anuncios",0,46.05,2026-08-31,40,1151.25,1,,46.05,2.5,1,2.5,46.05,,,Tráfico,,
2025-08-25,2026-08-25,"PMKT - AO - ARG - Seguidores de IG - PO General",Unknown,unknown,active,"1 día tras clic",50,total_profile_visits,0,0,0,"Con el presupuesto del conjunto de anuncios",0,0,2026-08-31,0,0,,,,,0,0,0,,,Tráfico,,
