Buscar,Costo,Clics,Impresiones,Conversiones
aluar,"ARS2,000,349.53","36,238","168,824",0.00
aluar puerto madryn,"ARS151,857.00","2,894","12,364",0.00
aluminio,"ARS4,532.86",34,"8,905",0.00
aluar aluminio argentino,"ARS26,649.63",385,"6,909",0.00
catalogo modena,"ARS14,076.37",108,"5,361",0.00
fescap,"ARS2,448.28",19,"4,752",0.00
ventanas de aluminio,"ARS8,866.58",66,"4,568",0.00
atrim,ARS926.62,7,"4,030",0.00
aberturas de aluminio,"ARS16,608.30",121,"3,765",0.00
perfiles de aluminio,"ARS16,852.57",125,"3,620",0.00
aberturas,"ARS11,412.90",83,"3,431",0.00
aluar acciones,"ARS3,961.91",43,"2,970",0.00
aluar aluminio,"ARS64,731.61",831,"2,955",0.00
alumetal,"ARS2,040.79",14,"2,793",0.00
catalogo modena aluar,"ARS5,177.67",56,"2,749",0.00
catalogo a30,"ARS5,076.29",42,"2,702",0.00
puerta de aluminio,"ARS3,009.12",23,"2,265",0.00
puertas de aluminio,"ARS5,634.65",42,"2,181",0.00
catálogo módena pdf,"ARS14,382.66",105,"1,804",0.00
cotizacion aluar,ARS295.36,3,"1,776",0.00
aluminio anodizado,"ARS1,678.52",12,"1,756",0.00
ventana de aluminio,"ARS2,339.73",18,"1,686",0.00
ventana,ARS581.91,4,"1,682",0.00
aluar argentina,"ARS25,357.53",395,"1,658",0.00
aluar abasto,"ARS7,958.54",99,"1,620",0.00
linea modena,"ARS6,966.13",57,"1,580",0.00
catálogo módena 1,"ARS9,744.98",75,"1,571",0.00
bcba alua,"ARS2,057.74",21,"1,541",0.00
flamia,ARS293.35,2,"1,468",0.00
que es aluar,"ARS2,836.26",38,"1,452",0.00
aluar san fernando,"ARS7,799.96",96,"1,437",0.00
catálogo módena aluar pdf,"ARS4,672.55",51,"1,418",0.00
carpinteria de aluminio,"ARS3,212.84",24,"1,379",0.00
precio del aluminio,"ARS1,000.49",7,"1,352",0.00
modena,"ARS4,610.09",36,"1,313",0.00
aluar la plata,"ARS14,763.60",191,"1,310",0.00
aluar rrhh,"ARS15,955.59",404,"1,298",0.00
mdt,ARS732.62,5,"1,286",0.00
catalogo a40,"ARS2,644.13",21,"1,261",0.00
frente integral,ARS987.83,7,"1,254",0.00
catalogo tecnico modena,"ARS4,002.29",31,"1,244",0.00
catalogo a30 aluar,"ARS2,051.27",22,"1,230",0.00
aludig,ARS241.03,2,"1,204",0.00
aluar cotizacion,ARS303.94,4,"1,196",0.00
piel de vidrio,"ARS1,072.82",8,"1,164",0.00
aluar rava,"ARS1,049.68",11,"1,156",0.00
alucobond,"ARS1,851.81",13,"1,155",0.00
foro aluar,ARS181.70,2,"1,142",0.00
empresa aluar,"ARS8,208.78",111,"1,132",0.00
www aluar com ar curriculum,"ARS16,923.20",345,"1,106",0.00
aluar a40,"ARS19,320.79",220,"1,069",0.00
catálogo línea herrero pdf,"ARS7,408.52",58,"1,028",0.00
catálogo aluar pdf,"ARS4,273.00",46,997,0.00
catálogo modena,"ARS3,787.51",30,996,0.00
catálogo aluar a30 pdf,"ARS3,727.40",39,978,0.00
aluar que es,"ARS1,467.38",17,973,0.00
aluar división elaborados,"ARS11,397.60",153,945,0.00
puertas de aluminio para exterior,"ARS1,567.68",12,928,0.00
catalogo herrero aluar,"ARS2,122.78",24,920,0.00
aluar empresa,"ARS9,035.62",115,919,0.00
aluar puente,ARS0.00,0,912,0.00
alcemar catalogo,ARS645.45,5,852,0.00
abalum,ARS883.80,6,846,0.00
catalogo aluar,"ARS4,850.90",51,835,0.00
aluminio aluar,"ARS13,539.08",165,833,0.00
aluar modena,"ARS13,215.51",145,827,0.00
mdt argentina,ARS727.38,5,814,0.00
a40 compact,"ARS1,583.27",12,811,0.00
perfil de aluminio,"ARS2,536.70",19,806,0.00
catalogo modena 2,"ARS1,011.25",8,804,0.00
catalogo aluar modena,"ARS1,618.82",17,797,0.00
alluar,"ARS11,889.81",129,787,0.00
aluar aberturas,"ARS27,292.91",311,779,0.00
ventanas,"ARS1,390.82",10,777,0.00
catalogo a40 compact,ARS985.70,7,764,0.00
precio aluminio,ARS682.69,5,762,0.00
puerta ventana de aluminio,"ARS1,123.16",8,750,0.00
catalogo a40 aluar,"ARS1,847.01",20,747,0.00
frente integral aluar,"ARS2,757.83",28,737,0.00
catálogo línea herrero aluar pdf,"ARS2,516.56",27,717,0.00
perfiles de aluminio para aberturas,"ARS6,297.43",48,716,0.00
aluminio simil madera,"ARS1,561.23",11,712,0.00
aluminio precio,ARS672.90,5,711,0.00
aluar puerto madryn curriculum,"ARS11,929.16",163,709,0.00
linea herrero,"ARS1,448.09",12,706,0.00
catálogo a30,"ARS2,003.18",15,701,0.00
modena aluar,"ARS6,747.04",72,700,0.00
a40,"ARS1,994.06",16,690,0.00
aluar a30,"ARS8,663.54",97,684,0.00
modena catalogo,"ARS1,511.33",12,681,0.00
que es aluar en argentina,"ARS1,603.15",19,676,0.00
rotonda 640,ARS977.74,9,664,0.00
aberturas rosario,"ARS2,437.58",18,661,0.00
linea modena aluminio,"ARS3,411.46",25,653,0.00
puerta de aluminio exterior,"ARS1,720.65",13,648,0.00
puerta corrediza,ARS292.18,2,639,0.00
a40 catalogo,"ARS1,670.18",13,635,0.00
alua,"ARS1,895.47",16,628,0.00
mdt aluminio,ARS725.20,5,622,0.00
alumina argentina srl,"ARS2,116.04",15,619,0.00
