Palabra,Costo,Clics,Impresiones,Conversiones,Principales búsquedas que contienen la palabra
aluar,"ARS2,509,011.37","43,948","232,456",0.00,"(aluar, aluar puerto madryn, aluar aluminio argentino)"
aluminio,"ARS188,955.09","2,004","49,482",0.00,"(aluminio, aluar aluminio argentino, ventanas de aluminio)"
de,"ARS70,842.23",527,"24,476",0.00,"(ventanas de aluminio, aberturas de aluminio, perfiles de aluminio)"
catalogo,"ARS49,291.44",437,"21,582",0.00,"(catalogo modena, catalogo modena aluar, catalogo a30)"
modena,"ARS66,135.48",597,"17,705",0.00,"(catalogo modena, catalogo modena aluar, linea modena)"
puerto madryn,"ARS163,786.16","3,057","13,073",0.00,"(aluar puerto madryn, aluar puerto madryn curriculum)"
catálogo,"ARS52,516.37",446,"10,210",0.00,"(catálogo módena pdf, catálogo módena 1, catálogo módena aluar pdf)"
aberturas,"ARS64,049.12",581,"9,352",0.00,"(aberturas de aluminio, aberturas, aluar aberturas)"
pdf,"ARS36,980.70",326,"6,942",0.00,"(catálogo módena pdf, catálogo módena aluar pdf, catálogo línea herrero pdf)"
argentino,"ARS26,649.63",385,"6,909",0.00,(aluar aluminio argentino)
a30,"ARS21,521.68",215,"6,295",0.00,"(catalogo a30, catalogo a30 aluar, catálogo aluar a30 pdf)"
a40,"ARS30,045.13",309,"5,977",0.00,"(catalogo a40, aluar a40, a40 compact)"
ventanas,"ARS10,257.40",76,"5,345",0.00,"(ventanas de aluminio, ventanas)"
módena,"ARS28,800.19",231,"4,793",0.00,"(catálogo módena pdf, catálogo módena 1, catálogo módena aluar pdf)"
fescap,"ARS2,448.28",19,"4,752",0.00,(fescap)
perfiles de,"ARS23,150.00",173,"4,336",0.00,"(perfiles de aluminio, perfiles de aluminio para aberturas)"
puerta,"ARS6,145.11",46,"4,302",0.00,"(puerta de aluminio, puerta ventana de aluminio, puerta de aluminio exterior)"
ventana,"ARS4,044.80",30,"4,118",0.00,"(ventana de aluminio, ventana, puerta ventana de aluminio)"
atrim,ARS926.62,7,"4,030",0.00,(atrim)
argentina,"ARS29,804.10",434,"3,767",0.00,"(aluar argentina, mdt argentina, que es aluar en argentina)"
herrero,"ARS13,495.95",121,"3,371",0.00,"(catálogo línea herrero pdf, catalogo herrero aluar, catálogo línea herrero aluar pdf)"
puertas de,"ARS7,202.33",54,"3,109",0.00,"(puertas de aluminio, puertas de aluminio para exterior)"
que es,"ARS5,906.80",74,"3,101",0.00,"(que es aluar, aluar que es, que es aluar en argentina)"
cotizacion,ARS599.30,7,"2,972",0.00,"(cotizacion aluar, aluar cotizacion)"
acciones,"ARS3,961.91",43,"2,970",0.00,(aluar acciones)
linea,"ARS11,825.68",94,"2,939",0.00,"(linea modena, linea herrero, linea modena aluminio)"
precio,"ARS2,356.08",17,"2,825",0.00,"(precio del aluminio, precio aluminio, aluminio precio)"
alumetal,"ARS2,040.79",14,"2,793",0.00,(alumetal)
mdt,"ARS2,185.20",15,"2,722",0.00,"(mdt, mdt argentina, mdt aluminio)"
alua,"ARS3,953.21",37,"2,169",0.00,"(bcba alua, alua)"
empresa,"ARS17,244.39",226,"2,051",0.00,"(empresa aluar, aluar empresa)"
frente integral,"ARS3,745.66",35,"1,991",0.00,"(frente integral, frente integral aluar)"
curriculum,"ARS28,852.35",508,"1,815",0.00,"(www aluar com ar curriculum, aluar puerto madryn curriculum)"
anodizado,"ARS1,678.52",12,"1,756",0.00,(aluminio anodizado)
línea herrero,"ARS9,925.09",85,"1,745",0.00,"(catálogo línea herrero pdf, catálogo línea herrero aluar pdf)"
aluminio para,"ARS7,865.11",60,"1,644",0.00,"(puertas de aluminio para exterior, perfiles de aluminio para aberturas)"
abasto,"ARS7,958.54",99,"1,620",0.00,(aluar abasto)
exterior,"ARS3,288.32",25,"1,576",0.00,"(puertas de aluminio para exterior, puerta de aluminio exterior)"
a40 compact,"ARS2,568.97",19,"1,575",0.00,"(a40 compact, catalogo a40 compact)"
1,"ARS9,744.98",75,"1,571",0.00,(catálogo módena 1)
bcba,"ARS2,057.74",21,"1,541",0.00,(bcba alua)
flamia,ARS293.35,2,"1,468",0.00,(flamia)
san,"ARS7,799.96",96,"1,437",0.00,(aluar san fernando)
fernando,"ARS7,799.96",96,"1,437",0.00,(aluar san fernando)
carpinteria,"ARS3,212.84",24,"1,379",0.00,(carpinteria de aluminio)
del,"ARS1,000.49",7,"1,352",0.00,(precio del aluminio)
plata,"ARS14,763.60",191,"1,310",0.00,(aluar la plata)
la,"ARS14,763.60",191,"1,310",0.00,(aluar la plata)
rrhh,"ARS15,955.59",404,"1,298",0.00,(aluar rrhh)
tecnico,"ARS4,002.29",31,"1,244",0.00,(catalogo tecnico modena)
aludig,ARS241.03,2,"1,204",0.00,(aludig)
vidrio,"ARS1,072.82",8,"1,164",0.00,(piel de vidrio)
piel,"ARS1,072.82",8,"1,164",0.00,(piel de vidrio)
rava,"ARS1,049.68",11,"1,156",0.00,(aluar rava)
alucobond,"ARS1,851.81",13,"1,155",0.00,(alucobond)
foro,ARS181.70,2,"1,142",0.00,(foro aluar)
com,"ARS16,923.20",345,"1,106",0.00,(www aluar com ar curriculum)
www,"ARS16,923.20",345,"1,106",0.00,(www aluar com ar curriculum)
ar,"ARS16,923.20",345,"1,106",0.00,(www aluar com ar curriculum)
división,"ARS11,397.60",153,945,0.00,(aluar división elaborados)
elaborados,"ARS11,397.60",153,945,0.00,(aluar división elaborados)
puente,ARS0.00,0,912,0.00,(aluar puente)
alcemar,ARS645.45,5,852,0.00,(alcemar catalogo)
abalum,ARS883.80,6,846,0.00,(abalum)
perfil,"ARS2,536.70",19,806,0.00,(perfil de aluminio)
2,"ARS1,011.25",8,804,0.00,(catalogo modena 2)
alluar,"ARS11,889.81",129,787,0.00,(alluar)
madera,"ARS1,561.23",11,712,0.00,(aluminio simil madera)
simil,"ARS1,561.23",11,712,0.00,(aluminio simil madera)
en,"ARS1,603.15",19,676,0.00,(que es aluar en argentina)
640,ARS977.74,9,664,0.00,(rotonda 640)
rotonda,ARS977.74,9,664,0.00,(rotonda 640)
rosario,"ARS2,437.58",18,661,0.00,(aberturas rosario)
corrediza,ARS292.18,2,639,0.00,(puerta corrediza)
alumina,"ARS2,116.04",15,619,0.00,(alumina argentina srl)
srl,"ARS2,116.04",15,619,0.00,(alumina argentina srl)
