Palabra clave de la Búsqueda,Tipo de concordancia,Estado del criterio,Estado de la campaña,Estado del grupo de anuncios,Costo,Clics,CTR
aluar,Concordancia amplia,Habilitado,Habilitado,Habilitado,"ARS3,522,345.55","55,681",13.08%
ventanas aluminio,Concordancia amplia,Habilitado,Habilitado,Habilitado,"ARS931,031.19","7,194",2.22%
aberturas,Concordancia amplia,Habilitado,Habilitado,Habilitado,"ARS601,467.22","4,562",1.96%
aluminio,Concordancia amplia,Habilitado,Habilitado,Habilitado,"ARS211,471.32","1,673",2.00%
perfil de aluminio,Concordancia amplia,Habilitado,Habilitado,Habilitado,"ARS189,957.85","1,487",2.33%
carpinteria aluminio,Concordancia amplia,Habilitado,Habilitado,Habilitado,"ARS151,852.74","1,163",2.17%
perfiles de aluminio para ventanas,Concordancia amplia,Habilitado,Habilitado,Habilitado,"ARS103,602.80",849,1.96%
carpinteria de aluminio aluar,Concordancia amplia,Habilitado,Habilitado,Habilitado,"ARS74,287.70","1,155",8.53%
cerramientos de aluminio,Concordancia amplia,Habilitado,Habilitado,Habilitado,"ARS67,191.42",557,2.22%
aberturas de aluminio,Concordancia amplia,Habilitado,Habilitado,Habilitado,"ARS43,739.20",335,1.97%
perfil u aluminio,Concordancia amplia,Habilitado,Habilitado,Habilitado,"ARS41,805.37",330,2.18%
puertas de aluminio,Concordancia amplia,Habilitado,Habilitado,Habilitado,"ARS28,245.75",239,1.48%
perfiles de aluminio catálogo,Concordancia amplia,Habilitado,Habilitado,Habilitado,"ARS26,156.84",232,1.83%
ventana pvc,Concordancia amplia,Habilitado,Habilitado,Habilitado,"ARS21,131.48",198,2.65%
fabrica de aluminio,Concordancia amplia,Habilitado,Habilitado,Habilitado,"ARS20,046.78",184,3.38%
empresas de aluminio,Concordancia amplia,Habilitado,Habilitado,Habilitado,"ARS19,995.65",160,1.88%
fachadas,Concordancia amplia,Habilitado,Habilitado,Habilitado,"ARS19,006.02",208,1.06%
aberturas ventanas,Concordancia amplia,Habilitado,Habilitado,Habilitado,"ARS14,475.58",121,1.16%
aluminio aluar,Concordancia amplia,Habilitado,Habilitado,Habilitado,"ARS13,869.06",174,13.11%
empresa de aberturas,Concordancia amplia,Habilitado,Habilitado,Habilitado,"ARS13,836.77",112,1.72%
ventanas de aluminio,Concordancia amplia,Habilitado,Habilitado,Habilitado,"ARS13,686.80",113,1.33%
módena,Concordancia amplia,Habilitado,Habilitado,Habilitado,"ARS12,938.08",106,2.17%
aberturas aluminio,Concordancia amplia,Habilitado,Habilitado,Habilitado,"ARS11,909.14",103,1.48%
empresa de cerramientos,Concordancia amplia,Habilitado,Habilitado,Habilitado,"ARS7,936.34",71,2.20%
carpinteria de aluminio,Concordancia amplia,Habilitado,Habilitado,Habilitado,"ARS7,891.64",68,1.33%
piel de vidrio,Concordancia amplia,Habilitado,Habilitado,Habilitado,"ARS7,683.17",69,1.10%
carpinteria metalica y de aluminio,Concordancia amplia,Habilitado,Habilitado,Habilitado,"ARS6,383.83",49,1.49%
aluminio argentino,Concordancia amplia,Habilitado,Habilitado,Habilitado,"ARS5,761.40",70,2.10%
a40,Concordancia amplia,Habilitado,Habilitado,Habilitado,"ARS4,372.07",41,2.04%
sistema herrero,Concordancia amplia,Habilitado,Habilitado,Habilitado,"ARS3,320.05",33,2.06%
barandas autoportantes,Concordancia amplia,Habilitado,Habilitado,Habilitado,"ARS3,276.75",33,1.46%
fabrica de ventanas,Concordancia amplia,Habilitado,Habilitado,Habilitado,"ARS3,207.15",32,1.23%
tabiques divisores,Concordancia amplia,Habilitado,Habilitado,Habilitado,"ARS2,745.38",20,2.66%
a30 new,Concordancia amplia,Habilitado,Habilitado,Habilitado,"ARS2,743.02",22,2.34%
a40 compact,Concordancia amplia,Habilitado,Habilitado,Habilitado,"ARS2,344.01",20,1.69%
fachadas vidriadas,Concordancia amplia,Habilitado,Habilitado,Habilitado,"ARS2,218.82",18,0.90%
puerta con ventana,Concordancia amplia,Habilitado,Habilitado,Habilitado,"ARS1,844.34",21,1.87%
cerramiento de ventanas,Concordancia amplia,Habilitado,Habilitado,Habilitado,"ARS1,803.63",35,6.55%
fabrica de aberturas de aluminio,Concordancia amplia,Habilitado,Habilitado,Habilitado,"ARS1,627.19",15,1.61%
carpinteria pvc,Concordancia amplia,Habilitado,Habilitado,Habilitado,"ARS1,570.30",14,1.47%
fabricante de aberturas,Concordancia amplia,Habilitado,Habilitado,Habilitado,"ARS1,194.38",14,0.86%
ekonal,Concordancia amplia,Habilitado,Habilitado,Habilitado,ARS984.53,8,2.21%
fabrica de ventanas de aluminio,Concordancia amplia,Habilitado,Habilitado,Habilitado,ARS840.17,9,3.33%
ventanas pvc,Concordancia amplia,Habilitado,Habilitado,Habilitado,ARS695.58,8,0.89%
cerramientos aluminio,Concordancia amplia,Habilitado,Habilitado,Habilitado,ARS495.48,5,2.08%
altezza,Concordancia amplia,Habilitado,Habilitado,Habilitado,ARS297.15,2,7.41%
empresa de perfiles de aluminio,Concordancia amplia,Habilitado,Habilitado,Habilitado,ARS296.51,2,0.37%
empresa de ventanas de aluminio,Concordancia amplia,Habilitado,Habilitado,Habilitado,ARS279.20,3,1.21%
ventana de pvc,Concordancia amplia,Habilitado,Habilitado,Habilitado,ARS248.83,2,1.42%
puertas ventanas pvc,Concordancia amplia,Habilitado,Habilitado,Habilitado,ARS190.33,2,0.95%
